,Object,Name,furniture_id,Space,Space_LongName
0,furniture,M_Vanity Cabinet-Double Door Sink Unit:750:175665,170796,4,RESTROOM 1
1,furniture,Table - Dining w chairs (2):Table w 6 Seats:182214,179090,3,BẾP + P.ĂN
2,furniture,UK_Mdrn Dining Chair:UK_Mdrn Dining Chair:182215,180624,3,BẾP + P.ĂN
3,furniture,UK_Mdrn Dining Chair:UK_Mdrn Dining Chair:182216,182144,3,BẾP + P.ĂN
4,furniture,UK_Mdrn Dining Chair:UK_Mdrn Dining Chair:182217,182162,3,BẾP + P.ĂN
5,furniture,UK_Mdrn Dining Chair:UK_Mdrn Dining Chair:182218,182180,3,BẾP + P.ĂN
6,furniture,UK_Mdrn Dining Chair:UK_Mdrn Dining Chair:182219,182198,3,BẾP + P.ĂN
7,furniture,UK_Mdrn Dining Chair:UK_Mdrn Dining Chair:182220,182216,3,BẾP + P.ĂN
8,furniture,M_Base Cabinet-Double Door & 2 Drawer:1000mm:191090,182853,3,BẾP + P.ĂN
9,furniture,M_Upper Cabinet-Double Door-Wall:600mm:191092,186194,3,BẾP + P.ĂN
10,furniture,M_Upper Cabinet-Double Door-Wall:600mm:191093,186212,3,BẾP + P.ĂN
11,furniture,M_Upper Cabinet-Double Door-Wall:600mm:191094,186230,3,BẾP + P.ĂN
12,furniture,M_Upper Cabinet-Double Door-Wall:600mm:191095,186248,3,BẾP + P.ĂN
13,furniture,M_Counter Top-L Shaped w Sink Hole 2:600mm Depth:192555,207252,3,BẾP + P.ĂN
14,furniture,M_Upper Cabinet-Corner Unit-Wall:300mm:193091,207380,3,BẾP + P.ĂN
15,furniture,M_Upper Cabinet-Single Door-Wall:450:193151,209165,3,BẾP + P.ĂN
16,furniture,M_Upper Cabinet-Double Door-Wall:600mm:193222,212504,3,BẾP + P.ĂN
17,furniture,M_Upper Cabinet-Single Door-Wall:300mm:193429,214261,3,BẾP + P.ĂN
18,furniture,M_Base Cabinet-Double Door & 2 Drawer:1000mm:193777,214279,3,BẾP + P.ĂN
19,furniture,M_Base Cabinet-Corner Unit-Angled:900mm:194589,214597,3,BẾP + P.ĂN
