,Object,Name,Width,Height,door_id,IsExternal,Floor
0,Door,cua dh cuoi:cua dh cuoi:142441,2400.0,2249.99999999998,33865,False,TẦNG 1
1,Door,Garage - Horz Pnl:1900x2250:149952,1900.0,2250.0,34902,True,TẦNG 1
2,Door,IntSgl (5):750:156205,750.0,2250.0,84106,False,TẦNG 2
3,Door,IntSgl (5):900x2250:156528,900.0,2250.0,135004,False,TẦNG 4
4,Door,Door-Single Shutter with Louvers:700 x 2000 mm 2:167565,700.0,1999.99999999804,147244,False,TẦNG 1
5,Door,Int Cased Opening:900X2250:206662,900.0,2249.99999999805,259643,False,TẦNG 2
6,Door,Door-Single Shutter with Louvers:700 x 2000 mm:206928,700.0,2249.99999999805,260475,False,TẦNG 2
7,Door,IntSgl (5):900x2250:209748,900.0,2250.0,311461,False,TẦNG 2
8,Door,Door-Single Shutter with Louvers:700 x 2000 mm:210925,700.0,2249.99999999805,312154,False,TẦNG 3
9,Door,IntSgl (5):900x2250:210926,900.0,2250.0,312174,False,TẦNG 3
10,Door,Door-Single Shutter with Louvers:700 x 2000 mm:220032,700.0,2249.99999999805,338091,False,TẦNG 3
11,Door,Door-Single Shutter with Louvers:700 x 2000 mm:225406,700.0,2249.99999999804,345511,False,TẦNG 4
12,Door,IntSgl (5):900x2250:225407,900.0,2250.0,345531,False,TẦNG 4
13,Door,IntSgl (5):900x2250:228810,900.0,2250.0,397411,False,TẦNG 3
