,Object,Name,column_id,LoadBearing,IsExternal,Floor
0,column,M_Concrete-Rectangular-Column:220x220:135808,17099,True,False,TẦNG 1
1,column,M_Concrete-Rectangular-Column:220x220:135850,17137,True,False,TẦNG 1
2,column,M_Concrete-Rectangular-Column:220x220:135915,17301,True,False,TẦNG 1
3,column,M_Concrete-Rectangular-Column:220x220:136000,17511,True,False,TẦNG 1
4,column,M_Concrete-Rectangular-Column:220x220:136065,17547,True,False,TẦNG 1
5,column,M_Concrete-Rectangular-Column:220x220:136588,17583,True,False,TẦNG 1
6,column,M_Concrete-Rectangular-Column:220x220:136931,17619,True,False,TẦNG 1
7,column,M_Concrete-Rectangular-Column:220x220:136998,17655,True,False,TẦNG 1
8,column,M_Rectangular Column:250x250:137345,17704,False,False,TẦNG 4
9,column,M_Rectangular Column:250x250:137475,17905,False,False,TẦNG 4
10,column,M_Rectangular Column:250x250:137572,17966,False,False,TẦNG 4
11,column,RHS-Rectangular Hollow Section-Column:200x100RHS:164258,141901,True,False,TẦNG 4
12,column,RHS-Rectangular Hollow Section-Column:200x100RHS:164300,141921,True,False,TẦNG 4
