,Object,Name,column_id,Length,CrossSectionArea,OuterSurfaceArea,GrossVolume,LoadBearing,IsExternal,Floor
0,column,28_ KOLOM BETON,56239,4350.0,0.09,5.22,0.3915,True,False,00 Begane grond
1,column,28_ KOLOM BETON,89156,4120.0,1.88495559215,3.87486658898,0.288787668089,True,False,00 Begane grond
2,column,28_ KOLOM BETON,89499,4120.0,1.88495559215,3.87486658898,0.288787668089,True,False,00 Begane grond
3,column,Hybrid B,330362,,,,,True,,00 Begane grond
4,column,Hybrid A,341711,,,,,True,,00 Begane grond
5,column,Hybrid C,366790,,,,,True,,00 Begane grond
6,column,Hybrid D,435088,,,,,True,,00 Begane grond
7,column,28_ KOLOM BETON,446520,4350.0,0.09,5.22,0.3915,True,False,00 Begane grond
8,column,28_ KOLOM BETON,446644,4350.0,0.09,5.22,0.3915,True,False,00 Begane grond
9,column,28_ KOLOM BETON,446768,4350.0,0.09,5.22,0.3915,True,False,00 Begane grond
10,column,28_ KOLOM BETON,633439,3500.0,0.09,4.2,0.315,True,False,01 verdieping
11,column,28_ KOLOM BETON,633563,3500.0,0.09,4.2,0.315,True,False,01 verdieping
12,column,28_ KOLOM BETON,633687,3500.0,0.09,4.2,0.315,True,False,01 verdieping
13,column,28_ KOLOM BETON,728145,3500.0,0.09,4.2,0.315,True,False,01 verdieping
14,column,28_ KOLOM BETON,802227,3500.0,0.09,4.2,0.315,True,False,02 verdieping
15,column,28_ KOLOM BETON,802351,3500.0,0.09,4.2,0.315,True,False,02 verdieping
16,column,28_ KOLOM BETON,802475,3500.0,0.09,4.2,0.315,True,False,02 verdieping
17,column,28_ KOLOM BETON,802599,3500.0,0.09,4.2,0.315,True,False,02 verdieping
18,column,28_ KOLOM BETON,851719,1500.0,0.09,1.8,0.135,True,False,03 Dak
