,Object,Name,furniture_id,Space,Space_LongName
0,furniture,BUREAU OPST.,81051,00.21,kantoor
1,furniture,BUREAU OPST.,114400,00.19,kantoor
2,furniture,BUREAU OPST.,220404,00.20,kantoor
3,furniture,BANK OPST.,224241,00.01,Entree
4,furniture,BANK OPST.,224301,00.01,Entree
5,furniture,BANK OPST.,227736,00.01,Entree
6,furniture,BANK OPST.,266812,00.01,Entree
7,furniture,BANK OPST.,266871,00.01,Entree
8,furniture,BANK OPST.,266923,00.01,Entree
9,furniture,BALIEMEUBEL,269028,00.01,Entree
10,furniture,KANTOORSTOEL,286681,00.01,Entree
11,furniture,KANTOORSTOEL,286731,00.01,Entree
12,furniture,KANTOORSTOEL,286776,00.01,Entree
13,furniture,COMPUTER,291433,00.01,Entree
14,furniture,COMPUTER,291483,00.01,Entree
15,furniture,COMPUTER,291528,00.01,Entree
16,furniture,BUREAU OPST.,323476,00.22,kantoor
17,furniture,BUREAU OPST.,391960,00.23,kantoor
18,furniture,BUREAU OPST.,416406,00.23,kantoor
19,furniture,BUREAU OPST.,493124,01.17,kantoor
