,Object,Name,furniture_id,Space,Space_LongName
0,furniture,Steel Press:900 x 450 x 1800mm:244376,49722,Floor Plan,Floor Plan
1,furniture,Steel Press:900 x 450 x 1800mm:245287,49736,Floor Plan,Floor Plan
2,furniture,Student Chair:Student_Chair:249042,68820,Floor Plan,Floor Plan
3,furniture,Round Table 1m:Round Table 1m:249959,70249,Floor Plan,Floor Plan
4,furniture,Round Table 1m:Round Table 1m:250168,70263,Floor Plan,Floor Plan
5,furniture,Round Table 1m:Round Table 1m:250215,70277,Floor Plan,Floor Plan
6,furniture,Round Table 1m:Round Table 1m:250255,70291,Floor Plan,Floor Plan
7,furniture,Round Table 1m:Round Table 1m:250256,70305,Floor Plan,Floor Plan
8,furniture,Round Table 1m:Round Table 1m:250257,70319,Floor Plan,Floor Plan
9,furniture,Round Table 1m:Round Table 1m:250285,70333,Floor Plan,Floor Plan
10,furniture,Round Table 1m:Round Table 1m:250286,70347,Floor Plan,Floor Plan
11,furniture,Student Chair:Student_Chair:250341,70363,Floor Plan,Floor Plan
12,furniture,Student Chair:Student_Chair:250489,70383,Floor Plan,Floor Plan
13,furniture,Student Chair:Student_Chair:250490,70403,Floor Plan,Floor Plan
14,furniture,Student Chair:Student_Chair:250504,70423,Floor Plan,Floor Plan
15,furniture,Student Chair:Student_Chair:250506,70443,Floor Plan,Floor Plan
16,furniture,Student Chair:Student_Chair:250508,70463,Floor Plan,Floor Plan
17,furniture,Student Chair:Student_Chair:250509,70483,Floor Plan,Floor Plan
18,furniture,Student Chair:Student_Chair:250526,70503,Floor Plan,Floor Plan
19,furniture,Student Chair:Student_Chair:250527,70523,Floor Plan,Floor Plan
