,Object,Name,column_id,GrossVolume,LoadBearing,IsExternal,Floor
0,column,28_2 Gewapend beton - prefab Kolom 300 x 300:28_2 Gewapend beton - prefab Kolom 300 x 300:407408,9317,0.442913385826772,True,False,KBS_(1) 00. Begane grond
1,column,28_2 Gewapend beton - prefab Kolom 300 x 300:28_2 Gewapend beton - prefab Kolom 300 x 300:407471,11525,1.03346456692913,True,False,KBS_(1) 00. Begane grond
2,column,28_2 Gewapend beton - prefab Kolom 300 x 300:28_2 Gewapend beton - prefab Kolom 300 x 300:407473,11549,1.03346456692913,True,False,KBS_(1) 00. Begane grond
3,column,28_2 Gewapend beton - prefab Kolom 300 x 300:28_2 Gewapend beton - prefab Kolom 300 x 300:407475,11573,1.03346456692913,True,False,KBS_(1) 00. Begane grond
4,column,28_2 Gewapend beton - prefab Kolom 300 x 300:28_2 Gewapend beton - prefab Kolom 300 x 300:407477,11597,1.03346456692913,True,False,KBS_(1) 00. Begane grond
5,column,28_2 Gewapend beton - prefab Kolom 300 x 300:28_2 Gewapend beton - prefab Kolom 300 x 300:407488,12192,1.03346456692913,True,False,KBS_(1) 00. Begane grond
6,column,28_2 Gewapend beton - prefab Kolom 300 x 300:28_2 Gewapend beton - prefab Kolom 300 x 300:407490,12216,1.03346456692913,True,False,KBS_(1) 00. Begane grond
7,column,28_2 Gewapend beton - prefab Kolom 300 x 300:28_2 Gewapend beton - prefab Kolom 300 x 300:407492,12260,1.03346456692913,True,False,KBS_(1) 00. Begane grond
8,column,28_2 Gewapend beton - prefab Kolom 300 x 300:28_2 Gewapend beton - prefab Kolom 300 x 300:407494,12284,1.03346456692913,True,False,KBS_(1) 00. Begane grond
9,column,28_2 Gewapend beton - prefab Kolom 300 x 300:28_2 Gewapend beton - prefab Kolom 300 x 300:407496,12328,1.28444881889764,True,False,KS_PL -01. Fundering
10,column,28_2 Gewapend beton - prefab Kolom 300 x 300:28_2 Gewapend beton - prefab Kolom 300 x 300:407498,12352,1.28444881889764,True,False,KS_PL -01. Fundering
11,column,28_2 Gewapend beton - prefab Kolom 300 x 300:28_2 Gewapend beton - prefab Kolom 300 x 300:407500,12376,1.28444881889764,True,False,KS_PL -01. Fundering
12,column,28_2 Gewapend beton - prefab Kolom D300:28_2 Gewapend beton - prefab Kolom D300:407502,12420,0.955419345187774,True,False,KS_PL -01. Fundering
13,column,28_2 Gewapend beton - prefab Kolom D300:28_2 Gewapend beton - prefab Kolom D300:407504,12445,0.955419345187774,True,False,KS_PL -01. Fundering
14,column,28_2 Gewapend beton - prefab Kolom 300 x 300:28_2 Gewapend beton - prefab Kolom 300 x 300:407506,12469,1.28444881889764,True,False,KS_PL -01. Fundering
