,Object,Name,Width,Height,door_id,IsExternal,Floor
0,Door,M_Single-Flush:0915 x 2134mm:319956,915.0,2134.0,1356,False,Level 1
1,Door,M_Single-Flush:0762 x 2032mm:320113,762.0,2032.0,1460,False,Level 1
2,Door,M_Single-Flush:0762 x 2032mm:320325,762.0,2032.0,1564,False,Level 1
3,Door,M_Single-Flush:0762 x 2032mm:321460,762.0,2032.0,1666,False,Level 1
4,Door,M_Single-Flush:0762 x 2032mm:321571,761.999999999999,2032.0,1690,False,Level 1
5,Door,M_Single-Flush:0762 x 2032mm:321613,761.999999999999,2032.0,1713,False,Level 1
6,Door,M_Single-Flush:0762 x 2032mm:321687,762.0,2032.0,1736,False,Level 1
