,Object,Name,Width,Height,window_id,IsExternal,Floor
0,Window,M_Fixed:1600 x 1100mm:321890,1600.0,1100.0,1904,True,Level 1
1,Window,M_Fixed:0700 x 1100mm:322003,700.0,1100.0,2041,True,Level 1
2,Window,M_Fixed:1900 x 1100mm:322061,1900.0,1100.0,2178,True,Level 1
3,Window,M_Fixed:1600 x 1100mm:322228,1600.0,1100.0,2204,True,Level 1
4,Window,M_Fixed:1600 x 1100mm:322317,1600.0,1100.0,2227,True,Level 1
5,Window,M_Fixed:1600 x 1100mm:322462,1600.0,1100.0,2250,True,Level 1
6,Window,M_Fixed:0700 x 1100mm:322520,700.0,1100.0,2273,True,Level 1
