,Object,Name,stair_id,NumberOfRiser,NumberOfTreads,RiserHeight,TreadLength,IsExternal,Floor
0,Stair,Stair:190mm max riser 250mm going:165657,58816,25,24,182.8000000000258,279.0,False,First Floor
1,Stair,Stair:190mm max riser 250mm going:166303,62942,25,24,182.8000000000258,279.0,False,First Floor
2,Stair,Stair:190mm max riser 250mm going:172723,73291,25,24,182.8000000000258,250.0,False,First Floor
3,Stair,Stair:190mm max riser 250mm going:239160,125195,6,5,133.3333333333333,250.0,False,First Floor
