,Object,Name,beam_id,IsExternal,LoadBearing,Floor
0,beam,M_C-Channel:C380X50.4:C380X50.4:213306,84,False,True,Level 1
1,beam,M_HSS-Round Structural Tubing:HSS190.5X12.7:HSS190.5X12.7:213307,189,False,True,Level 1
2,beam,M_W-Wide Flange:W310X38.7:W310X38.7:213308,333,False,True,Level 1
3,beam,M_L-Angle:L152X102X12.7:L152X102X12.7:213309,443,False,True,Level 1
4,beam,M_Concrete-Rectangular Beam:400 x 800mm:400 x 800mm:213310,524,False,True,Level 1
5,beam,M_WT-Structural Tee:WT460X119:WT460X119:213311,635,False,True,Level 1
6,beam,M_C-Channel:C380X50.4:C380X50.4:218411,747,False,True,Level 1
7,beam,M_W-Wide Flange:W310X38.7:W310X38.7:218412,893,False,True,Level 1
8,beam,M_Concrete-Rectangular Beam:400 x 800mm:400 x 800mm:218413,969,False,True,Level 1
9,beam,M_HSS-Round Structural Tubing:HSS190.5X12.7:HSS190.5X12.7:218449,1054,False,True,Level 1
10,beam,M_L-Angle:L152X102X12.7:L152X102X12.7:218450,1157,False,True,Level 1
11,beam,M_WT-Structural Tee:WT460X119:WT460X119:218451,1275,False,True,Level 1
