,Object,Name,furniture_id,Space,Space_LongName
0,furniture,KUE 1021-1.F1-102,455049,F1-102,Kitchen-Diner
1,furniture,KUE 1021-2.F1-102,455050,F1-102,Kitchen-Diner
2,furniture,KUE 1021-3.F1-102,455051,F1-102,Kitchen-Diner
3,furniture,KUE 1021-4.F1-102,455052,F1-102,Kitchen-Diner
4,furniture,KUE 1022-1.F1-102,455053,F1-102,Kitchen-Diner
5,furniture,KUE 1022-2.F1-102,455054,F1-102,Kitchen-Diner
6,furniture,KUE 1022-3.F1-102,455055,F1-102,Kitchen-Diner
7,furniture,KUE 1022-4.F1-102,455056,F1-102,Kitchen-Diner
8,furniture,KUE 2021-1.F1-202,455057,F1-202,Kitchen-Diner
9,furniture,KUE 2021-2.F1-202,455058,F1-202,Kitchen-Diner
10,furniture,KUE 2021-3.F1-202,455059,F1-202,Kitchen-Diner
11,furniture,KUE 2021-4.F1-202,455060,F1-202,Kitchen-Diner
12,furniture,KUE 2022-1.F1-202,455061,F1-202,Kitchen-Diner
13,furniture,KUE 2022-2.F1-202,455062,F1-202,Kitchen-Diner
14,furniture,KUE 2022-3.F1-202,455063,F1-202,Kitchen-Diner
15,furniture,KUE 2022-4.F1-202,455064,F1-202,Kitchen-Diner
16,furniture,ESP 102-2.F1-102,455065,F1-102,Kitchen-Diner
17,furniture,ESP 102-1.F1-102,455066,F1-102,Kitchen-Diner
18,furniture,ESP 202-1.F1-202,455067,F1-202,Kitchen-Diner
19,furniture,ESP 202-2.F1-202,455068,F1-202,Kitchen-Diner
