,Object,Name,beam_id,IsExternal,LoadBearing,Floor
0,beam,矩形梁-加强版:250X500mm:588905,344074,False,True,F4
1,beam,矩形梁-加强版:250X500mm:589107,344110,False,True,F4
2,beam,矩形梁-加强版:250X500mm:589153,344142,False,True,F4
3,beam,矩形梁-加强版:250X500mm:589166,344174,False,True,F4
4,beam,矩形梁-加强版:250X500mm:589177,344206,False,True,F4
5,beam,矩形梁-加强版:250X500mm:589188,344326,False,True,F4
6,beam,矩形梁-加强版:250X500mm:589199,344358,False,True,F4
7,beam,矩形梁-加强版:250X500mm:589210,344390,False,True,F4
8,beam,矩形梁-加强版:250X500mm:589221,344422,False,True,F4
9,beam,矩形梁-加强版:250X500mm:589276,344456,False,True,F4
10,beam,矩形梁-加强版:250X500mm:589347,344488,False,True,F4
