,Object,Name,furniture_id,Space,Space_LongName
0,furniture,"会议围桌:60"" x 240"":611502",411004,101,会议室
1,furniture,Chair-Executive:Chair-Executive:611504,415487,101,会议室
2,furniture,Chair-Executive:Chair-Executive:611505,415509,101,会议室
3,furniture,Chair-Executive:Chair-Executive:611506,415531,101,会议室
4,furniture,Chair-Executive:Chair-Executive:611507,415553,101,会议室
5,furniture,Chair-Executive:Chair-Executive:611508,420006,101,会议室
6,furniture,Chair-Executive:Chair-Executive:611509,420028,101,会议室
7,furniture,Chair-Executive:Chair-Executive:611510,420050,101,会议室
8,furniture,Chair-Executive:Chair-Executive:611511,420072,101,会议室
9,furniture,Chair-Executive:Chair-Executive:611512,420094,101,会议室
10,furniture,Chair-Executive:Chair-Executive:611513,420116,101,会议室
11,furniture,Chair-Executive:Chair-Executive:611514,420138,101,会议室
12,furniture,Chair-Executive:Chair-Executive:611515,420160,101,会议室
13,furniture,Chair-Executive:Chair-Executive:611516,420182,101,会议室
14,furniture,Chair-Executive:Chair-Executive:611517,420204,101,会议室
15,furniture,Chair-Executive:Chair-Executive:611518,420226,101,会议室
16,furniture,Chair-Executive:Chair-Executive:611519,420248,101,会议室
17,furniture,Chair-Executive:Chair-Executive:611520,420270,101,会议室
18,furniture,Chair-Executive:Chair-Executive:611521,420292,101,会议室
