,Object,Name,stair_id,NumberOfRiser,NumberOfTreads,RiserHeight,TreadLength,IsExternal,Floor
0,Stair,Stair:190mm max riser 250mm going:400313,1756617,25,24,182.8000000000258,250.0,False,First Floor
1,Stair,Stair:190mm max riser 250mm going:400372,1761110,25,24,182.8000000000258,250.0,False,First Floor
2,Stair,Stair:190mm max riser 250mm going:400526,1771194,25,24,182.8000000000258,250.0,False,First Floor
3,Stair,Stair:190mm max riser 250mm going:401173,1795799,6,5,133.3333333333333,250.0,False,First Floor
