,Floor,Elevation,IfcColumn,IfcDoor,IfcStair,IfcRailing,IfcWindow,IfcSpace,IfcStairFlight
0,MEP 1st Flr,0.0,,,,,,,
1,MEP 2nd Flr,4570.0,,,,,,,
2,MEP 1st Flr Supply,3545.000000000001,,,,,,,
3,MEP 1st Flr Return,3100.0,,,,,,,
4,MEP 1st Flr Ceiling,2700.0,,,,,,,
5,MEP 2nd Flr Supply,8115.0,,,,,,,
6,MEP 2nd Flr Ceiling,7270.0,,,,,,,
7,MEP 2nd Flr Return,7600.000000000001,,,,,,,
8,First Floor,0.0,71,304,4,13,32,158,7
9,Second Floor,4570.000000000644,54,184,,2,31,104,
10,Roof,8535.00000000001,,,,,,,
11,Penthouse_High,9244.999999999995,,,,,,,
12,TOF Footing,-1980.0,,,,,,,
13,Parapet _1,5334.000000000643,,,,,31,,
14,Center Radius,3319.999999999997,,,,,,,
15,Roof Level,13500.0,,,,,,,
16,Level 7,7535.000000000006,,,,,,,
