,Object,Name,stair_id,NumberOfRiser,NumberOfTreads,RiserHeight,TreadLength,IsExternal,Floor
0,Stair,Stair:Monolithic Stair:250518,222459,7,7,178.5714285714286,280.0,False,Level street Entrance
1,Stair,Stair:Monolithic Stair BKT:268895,227184,15,15,153.3333333333334,280.0,False,Level 1 (14.75)
2,Stair,Stair:Monolithic Stair BKT:277809,231687,15,15,153.3333333333334,280.0,False,Level 2 (17.05)
3,Stair,Stair:Monolithic Stair BKT:277952,236032,15,15,153.3333333333334,280.0,False,Level 3 (19.35)
4,Stair,Stair:Monolithic Stair BKT:278117,240380,15,15,153.3333333333334,280.0,False,Level 4 (21.65)
5,Stair,Stair:Monolithic Stair BKT:278183,244731,15,15,153.3333333333334,280.0,False,Level 5 (23.95)
6,Stair,Stair:Monolithic Stair BKT:278249,249082,15,15,153.3333333333334,280.0,False,Level 6 (26.25)
7,Stair,Stair:Monolithic Stair BKT:278536,253430,15,15,153.3333333333334,280.0,False,Level 7 (28.55)
8,Stair,Stair:Monolithic Stair BKT:278568,257781,15,15,153.3333333333334,280.0,False,Level 8 (30.85)
9,Stair,Stair:Monolithic Stair BKT:278600,262135,15,15,153.3333333333334,280.0,False,Level 9 (33.15)
10,Stair,Stair:Monolithic Stair BKT:278955,266486,15,15,153.3333333333334,280.0,False,Level 10 (35.45)
11,Stair,Stair:Monolithic Stair BKT:278987,270837,15,15,153.3333333333334,280.0,False,Level 11 (37.75)
12,Stair,Stair:Monolithic Stair BKT:279019,275185,15,15,153.3333333333334,280.0,False,Level 12 (40.05)
13,Stair,Stair:Monolithic Stair BKT:279374,279530,15,15,153.3333333333334,280.0,False,Level 13 (42.35)
14,Stair,Stair:Monolithic Stair BKT:279406,283878,15,15,153.3333333333334,280.0,False,Level 14 (44.65)
15,Stair,Stair:Monolithic Stair BKT:279438,288223,15,15,153.3333333333334,280.0,False,Level 15 (46.95)
16,Stair,Stair:Monolithic Stair BKT:279793,292574,15,15,153.3333333333334,280.0,False,Level 17 (51.55)
17,Stair,Stair:Monolithic Stair BKT:279825,296919,15,15,153.3333333333334,280.0,False,Level 18 (53.85)
18,Stair,Stair:Monolithic Stair BKT:279857,301267,15,15,153.3333333333334,280.0,False,Level 19 (56.15)
19,Stair,Stair:Monolithic Stair BKT:280214,305621,15,15,153.3333333333334,280.0,False,Level 16 (49.25)
20,Stair,Stair:Monolithic Stair BKT:282957,311219,15,15,153.3333333333334,280.0,False,RR_Level 0 (10.15)
21,Stair,Stair:Monolithic Stair BKT:283109,315568,15,15,153.3333333333334,280.0,False,RR_Level -1 (7.75)
22,Stair,Stair:Monolithic Stair:306791,328126,6,6,171.4285714285714,280.0,False,Level BG (10.15)
23,Stair,Stair:Monolithic Stair:306899,328941,2,2,150.0000000000005,280.0,False,Level BG (10.15)
24,Stair,Stair:Monolithic Stair:306909,329026,2,2,150.0000000000005,280.0,False,Level BG (10.15)
25,Stair,Stair:Monolithic Stair:306918,329111,2,2,150.0000000000005,280.0,False,Level BG (10.15)
26,Stair,Stair:Monolithic Stair:306927,329196,2,2,150.0000000000005,280.0,False,Level BG (10.15)
27,Stair,Stair:Monolithic Stair:306936,329280,2,2,150.0000000000005,280.0,False,Level BG (10.15)
28,Stair,Stair:Monolithic Stair:306945,329364,2,2,150.0000000000005,280.0,False,Level BG (10.15)
29,Stair,Stair:Monolithic Stair:306954,329449,2,2,150.0000000000005,280.0,False,Level BG (10.15)
30,Stair,Stair:Monolithic Stair:306963,329534,2,2,150.0000000000005,280.0,False,Level BG (10.15)
31,Stair,Stair:Monolithic Stair:307242,330518,2,2,180.0000000000001,280.0,False,Level 0 (6.55)
