,Object,Name,furniture_id,Space,Space_LongName
0,furniture,BK_boekenkast:BK_boekenkast:BK_boekenkast:292922,322275,RR_Level 0 (10.15),
1,furniture,BK_boekenkast:BK_boekenkast:BK_boekenkast:294672,322493,RR_Level 0 (10.15),
2,furniture,BK_boekenkast:BK_boekenkast:BK_boekenkast:294699,322508,RR_Level 0 (10.15),
3,furniture,BK_boekenkast:BK_boekenkast:BK_boekenkast:294700,322523,RR_Level 0 (10.15),
4,furniture,BK_boekenkast:BK_boekenkast:BK_boekenkast:294712,322538,RR_Level 0 (10.15),
5,furniture,BK_boekenkast:BK_boekenkast:BK_boekenkast:294713,322553,RR_Level 0 (10.15),
6,furniture,BK_boekenkast:BK_boekenkast:BK_boekenkast:294721,322568,RR_Level 0 (10.15),
7,furniture,BK_boekenkast:BK_boekenkast:BK_boekenkast:294722,322583,RR_Level 0 (10.15),
8,furniture,BK_boekenkast:BK_boekenkast:BK_boekenkast:294783,322598,RR_Level 0 (10.15),
9,furniture,BK_boekenkast:BK_boekenkast:BK_boekenkast:294784,322614,RR_Level 0 (10.15),
10,furniture,BK_boekenkast:BK_boekenkast:BK_boekenkast:294785,322630,RR_Level 0 (10.15),
11,furniture,BK_boekenkast:BK_boekenkast:BK_boekenkast:294786,322646,RR_Level 0 (10.15),
12,furniture,BK_boekenkast:BK_boekenkast:BK_boekenkast:294787,322662,RR_Level 0 (10.15),
13,furniture,BK_boekenkast:BK_boekenkast:BK_boekenkast:294788,322678,RR_Level 0 (10.15),
14,furniture,BK_boekenkast:BK_boekenkast:BK_boekenkast:294789,322694,RR_Level 0 (10.15),
15,furniture,BK_boekenkast:BK_boekenkast:BK_boekenkast:294790,322710,RR_Level 0 (10.15),
16,furniture,BK_boekenkast:2400x300x2100mm:2400x300x2100mm:348378,347228,Level 16 (49.25),
17,furniture,BK_boekenkast:2400x300x2100mm:2400x300x2100mm:348524,347445,Level 16 (49.25),
18,furniture,BK_boekenkast:2400x300x2100mm:2400x300x2100mm:348564,347460,Level 16 (49.25),
19,furniture,BK_boekenkast:2400x300x2100mm:2400x300x2100mm:348565,347475,Level 16 (49.25),
