,Object,Name,column_id,Length,CrossSectionArea,OuterSurfaceArea,GrossVolume,Floor
0,column,Pile - 009,15517,3200.0,0.01598419,4.78464,0.051149408,Ground Floor
1,column,Pile - 010,15668,12800.0,0.01598419,19.13856,0.204597632,Ground Floor
2,column,Pile - 011,15797,3200.0,0.01598419,4.78464,0.051149408,Ground Floor
3,column,Pile - 012,15927,3200.0,0.01598419,4.78464,0.051149408,Ground Floor
4,column,Pile - 013,16057,3200.0,0.01598419,4.78464,0.051149408,Ground Floor
5,column,Pile - 009,16187,12800.0,0.01598419,19.13856,0.204597632,Ground Floor
6,column,Pile - 010,16316,9600.0,0.01598419,14.35392,0.153448224,Ground Floor
7,column,Pile - 011,16446,12800.0,0.01598419,19.13856,0.204597632,Ground Floor
8,column,Pile - 012,16575,12800.0,0.01598419,19.13856,0.204597632,Ground Floor
9,column,Pile - 013,16704,12800.0,0.01598419,19.13856,0.204597632,Ground Floor
