,Object,Name,Width,Height,window_id,space0_id,IsExternal,Floor,space1_id,space2_id,space3_id,space4_id,space5_id,space6_id,space7_id,space8_id,space9_id,space10_id,space11_id,space12_id,space13_id,space14_id,space15_id,space16_id,space17_id,space18_id,space19_id
0,Window,Fenster 1-flg - mit Rolladenkasten:1.01 x 1.26:335061,1.01,1.26,32509,132768,True,EG,,,,,,,,,,,,,,,,,,,
1,Window,Fenstertür 1-flg:88.5 x 2.135:338194,0.884999999999998,2.135,33005,132841,True,OG,,,,,,,,,,,,,,,,,,,
2,Window,Fenstertür 1-flg:88.5 x 2.135:338289,0.884999999999998,2.135,33485,132784,True,EG,,,,,,,,,,,,,,,,,,,
3,Window,Fenster 2-flg - mit Rolladenkasten:1.51 x 1.26:374900,1.51,1.26,40475,132797,True,OG,,,,,,,,,,,,,,,,,,,
4,Window,Fenster 1-flg - mit Anschlag:frei FRO:376766,1.01,2.41,41017,132839,True,OG,,,,,,,,,,,,,,,,,,,
5,Window,Fenster 2-flg - mit Rolladenkasten:1.51 x 1.26:383700,1.51,1.26,42002,132745,True,EG,,,,,,,,,,,,,,,,,,,
6,Window,Fenster 2-flg - mit Rolladenkasten:1.51 x 1.26:383870,1.51,1.26,42066,132756,True,EG,,,,,,,,,,,,,,,,,,,
7,Window,Fenster 2-flg - mit Rolladenkasten:1.51 x 1.26:384665,1.51,1.26,42129,132809,True,OG,,,,,,,,,,,,,,,,,,,
8,Window,Fenster 2-flg - mit Rolladenkasten:1.51 x 1.26:384764,1.51,1.26,42192,132817,True,OG,,,,,,,,,,,,,,,,,,,
9,Window,Fenster 2-flg - mit Rolladenkasten:1.51 x 1.26:384887,1.51,1.26,42255,132795,True,OG,,,,,,,,,,,,,,,,,,,
10,Window,Max_Dachfenster 1-flg:Dachfenster 1-flg:411796,1.06000000000006,0.186960104488033,57235,132857,True,DG Höhe Mauerwerk,,,,,,,,,,,,,,,,,,,
11,Window,Roof Light (3b):Skylight:517271,1.54499999999999,0.135000000000005,110778,132917,True,DG Höhe Mauerwerk,132919,132921,132923,132925,132927,132929,132931,132933,132935,132937,132939,132941,132943,132945,132952,132960,132962,132964,132966
12,Window,Fenster 1-flg - Variabel:Fenster 1-flg - Variabel:649330,0.699999999999997,0.759999999999997,115165,,True,DG Höhe Mauerwerk,,,,,,,,,,,,,,,,,,,
13,Window,Fenster 1-flg - Variabel:Fenster 1-flg - Variabel:649692,0.699999999999997,0.759999999999997,115262,,True,DG Höhe Mauerwerk,,,,,,,,,,,,,,,,,,,
14,Window,Fenster 2-flg - mit Anschlag:2.01 x 1.01 FRO:685846,2.01397625535346,1.02000000000001,119745,132789,True,EG,,,,,,,,,,,,,,,,,,,
15,Window,Fenster 2-flg - mit Anschlag:2.01 x 1.01 FRO:686024,2.01397625535346,1.02000000000001,120520,132848,True,OG,,,,,,,,,,,,,,,,,,,
