,Object,Name,Width,Height,door_id,IsExternal,Floor
0,Door,Drehflügel 1-flg - Stahlzarge:88.5 x 2.26:392878,0.885,2.35999999999998,4050,False,KG
1,Door,Drehflügel 1-flg - Stahlzarge:88.5 x 2.26:392967,0.885,2.35999999999998,5967,False,KG
2,Door,Drehflügel 1-flg - Stahlzarge:88.5 x 2.26:392999,0.885,2.35999999999998,5989,False,KG
3,Door,Drehflügel 1-flg - Stahlzarge:88.5 x 2.26:401387,0.885,2.35999999999998,6919,False,EG
4,Door,Drehflügel 1-flg - Stahlzarge:88.5 x 2.26:404301,0.885,2.35999999999998,8139,False,OG
5,Door,Drehflügel 1-flg - Stahlzarge:88.5 x 2.26:404501,0.885,2.35999999999998,8160,False,OG
6,Door,Drehflügel 1-flg - Stahlzarge:88.5 x 2.26:404607,0.885,2.35999999999998,8181,False,OG
7,Door,Eingangstür 1-flg - Glasband:1.01 x 2.135:407572,1.01,2.23499999999804,15592,True,EG
8,Door,Eingangstür 1-flg - Glasfüllung:1.01 x 2.135:424546,1.01,2.23499999999804,25949,True,EG
9,Door,Eingangstür 1-flg - Glasfüllung:1.01 x 2.135:424659,1.01,2.23499999999804,33062,True,OG
10,Door,Drehflügel 1-flg - Stahlzarge:88.5 x 2.26:429543,0.885,2.35999999999998,33244,False,EG
11,Door,Drehflügel 1-flg - Stahlzarge:88.5 x 2.26:429657,0.884999999999999,2.35999999999998,33265,False,EG
