,Object,Name,beam_id,IsExternal,LoadBearing,Floor
0,beam,U-Profile:UPN180:455165,59840,False,True,OG
1,beam,U-Profile:UPN180:455260,60059,False,True,OG
2,beam,U-Profile:UPN180:455399,60226,False,True,OG
3,beam,U-Profile:UPN180:455854,60393,False,True,OG
4,beam,IPE-Beams:IPE80:457493,60481,False,True,OG
5,beam,IPE-Beams:IPE80:457613,60611,False,True,OG
6,beam,IPE-Beams:IPE80:457643,60699,False,True,OG
7,beam,IPE-Beams:IPE80:457671,60787,False,True,OG
8,beam,IPE-Beams:IPE80:457769,60875,False,True,OG
9,beam,IPE-Beams:IPE80:457795,60963,False,True,OG
10,beam,Blech:10x120:463140,61164,False,True,OG
11,beam,Blech:10x120:463342,61296,False,True,OG
12,beam,Blech:10x120:463530,61392,False,True,OG
13,beam,Blech:10x120:463532,61488,False,True,OG
14,beam,Blech:10x120:463993,61584,False,True,OG
15,beam,Blech:10x120:463995,61680,False,True,OG
16,beam,Blech:10x120:464186,61776,False,True,OG
17,beam,Blech:10x120:464188,61872,False,True,OG
