,Object,Name,Width,Height,door_id,space0_id,IsExternal,Floor,space1_id
0,Door,Eingangstür 1-flg - Glasband:1.01 x 2.135:327476,1.01,2.23499999999804,24642,132781,True,EG,
1,Door,Drehflügel 1-flg - Blockzarge:88.5 x 2.135:329189,0.885,2.23499999999805,26443,132770,False,EG,132778
2,Door,Drehflügel 1-flg - Blockzarge:88.5 x 2.135:329330,0.885,2.23499999999805,28234,132729,False,KG,132736
3,Door,Drehflügel 1-flg - Blockzarge:88.5 x 2.135:329531,0.885,2.23499999999805,28292,132722,False,KG,132734
4,Door,Drehflügel 1-flg - Blockzarge:88.5 x 2.135:329603,0.885,2.23499999999805,28349,132713,False,KG,132732
5,Door,Drehflügel 1-flg - Blockzarge:88.5 x 2.135:329715,0.885,2.23499999999805,30103,132821,False,OG,132835
6,Door,Drehflügel 1-flg - Blockzarge:88.5 x 2.135:329775,0.885,2.23499999999805,31859,132812,False,OG,132832
7,Door,Drehflügel 1-flg - Blockzarge:88.5 x 2.135:329823,0.885,2.23499999999805,31917,132801,False,OG,132828
8,Door,Drehflügel 1-flg - Blockzarge:88.5 x 2.135:383531,0.885,2.23499999999805,41216,132762,False,EG,132776
9,Door,Drehflügel 1-flg - Blockzarge:88.5 x 2.135:675474,0.885,2.23499999999805,118955,132864,False,DG,132869
10,Door,Drehflügel 1-flg - Blockzarge:88.5 x 2.135:675630,0.885,2.23499999999805,119011,,False,DG,
