,Object,Name,Width,Height,door_id,IsExternal,Floor
0,Door,Simple 4 Paneles:0800 x 2000 mm:1950357,0.84,2.02,16051,False,PLANTA BAJA
1,Door,Simple 4 Paneles:0800 x 2000 mm:1950407,0.84,2.02,28641,False,PLANTA BAJA
2,Door,Simple 4 Paneles:0800 x 2000 mm:1950455,0.84,2.02,28663,False,PLANTA BAJA
3,Door,Simple 4 Paneles:0700 x 2000 mm:1950784,0.740000000000001,2.02,41252,False,PLANTA BAJA
4,Door,Simple 4 Paneles:0700 x 2000 mm:1950876,0.74,2.02,53849,False,PLANTA BAJA
5,Door,Simple 4 Paneles:0700 x 2000 mm:1955970,0.740000000000001,2.02,95460,False,PLANTA BAJA
6,Door,Simple 4 Paneles:0700 x 2000 mm:1956141,0.740000000000001,2.02,95481,False,PLANTA BAJA
7,Door,Simple 4 Paneles:1000 x 2000 mm:1966710,1.04,2.02,182803,False,PLANTA BAJA
8,Door,Simple 4 Paneles:0800 x 2000 mm:2040338,0.840000000000001,2.02,494750,False,PLANTA BAJA
