,Object,Name,furniture_id,Space,Space_LongName
0,furniture,Cama Editable:2000x1800:1956265,106597,PLANTA BAJA,PLANTA BAJA
1,furniture,Cama Editable:2000x1800:1956516,106618,PLANTA BAJA,PLANTA BAJA
2,furniture,Cama Editable:2000x1800:1956871,106639,PLANTA BAJA,PLANTA BAJA
3,furniture,Mesita de noche:450x350x450:1956935,106770,PLANTA BAJA,PLANTA BAJA
4,furniture,Mesita de noche:450x350x450:1957110,106789,PLANTA BAJA,PLANTA BAJA
5,furniture,Mesita de noche:450x350x450:1957219,106807,PLANTA BAJA,PLANTA BAJA
6,furniture,Mesita de noche:450x350x450:1957354,106825,PLANTA BAJA,PLANTA BAJA
7,furniture,Mesita de noche:450x350x450:1957503,106843,PLANTA BAJA,PLANTA BAJA
8,furniture,Mesita de noche:450x350x450:1957674,106861,PLANTA BAJA,PLANTA BAJA
9,furniture,Mueble Mediano:Settee_SLMS-FD-02:1965735,149436,PLANTA BAJA,PLANTA BAJA
10,furniture,Mueble Pequeño:Lounge_SLMS-FD-01:1966031,169969,PLANTA BAJA,PLANTA BAJA
11,furniture,Mueble Mediano:Settee_SLMS-FD-02:1966160,169990,PLANTA BAJA,PLANTA BAJA
12,furniture,MESA OVAL:800x600 mm:1966440,170223,PLANTA BAJA,PLANTA BAJA
13,furniture,Mesita de noche:450x350x450:1967210,182826,PLANTA BAJA,PLANTA BAJA
14,furniture,Mesita de noche:450x350x450:1967220,182844,PLANTA BAJA,PLANTA BAJA
15,furniture,Mueble Pequeño:Lounge_SLMS-FD-01:1968006,182862,PLANTA BAJA,PLANTA BAJA
16,furniture,Mesa Comedor 6 personas:160 x 80 cm - Madera claro:1995040,244862,PLANTA BAJA,PLANTA BAJA
17,furniture,Silla comedor:Madera clara:1995041,246392,PLANTA BAJA,PLANTA BAJA
18,furniture,Silla comedor:Madera clara:1995042,247908,PLANTA BAJA,PLANTA BAJA
19,furniture,Silla comedor:Madera clara:1995043,247922,PLANTA BAJA,PLANTA BAJA
