,Object,Name,Width,Height,window_id,IsExternal,Floor
0,Window,Ventana 2 hojas:1.20x1.20 m:2040464,1.3,1.33,495919,True,PLANTA BAJA
1,Window,Ventana 2 hojas:1.80x1.50 m 2:2040775,1.6,1.63,497073,True,PLANTA BAJA
2,Window,Ventana 2 hojas:1.80x1.50 m:2040862,1.9,1.63,498227,True,PLANTA BAJA
3,Window,Ventana 2 hojas:1.80x1.50 m:2040888,1.9,1.63,498249,True,PLANTA BAJA
4,Window,Ventana 2 hojas:1.80x1.50 m:2041022,1.9,1.63,498269,True,PLANTA BAJA
5,Window,Ventana 2 hojas:1.80x1.50 m:2041136,1.9,1.63,498289,True,PLANTA BAJA
6,Window,Simple 1 hoja:traga luz 800x400 mm:2065436,0.800000000000001,0.399999999999997,634982,True,PLANTA BAJA
7,Window,Simple 1 hoja:traga luz 800x400 mm:2065630,0.800000000000001,0.399999999999997,635005,True,PLANTA BAJA
8,Window,Simple 1 hoja:traga luz 800x400 mm:2065690,0.8,0.399999999999997,635026,True,PLANTA BAJA
9,Window,Simple 1 hoja:traga luz 400x600 mm:2065931,0.6,0.399999999999997,635157,True,PLANTA BAJA
10,Window,Ventana 2 hojas:1.80x1.50 m:2169923,1.9,1.63,723550,True,PLANTA BAJA
