,Object,Name,furniture_id,Space,Space_LongName
0,furniture,,18773,006,Seminarraum
1,furniture,,18852,006,Seminarraum
2,furniture,,18906,006,Seminarraum
3,furniture,,18961,006,Seminarraum
4,furniture,,19015,006,Seminarraum
5,furniture,,19070,006,Seminarraum
6,furniture,,19124,006,Seminarraum
7,furniture,,19178,006,Seminarraum
8,furniture,,19233,006,Seminarraum
9,furniture,,19287,006,Seminarraum
10,furniture,,19446,006,Seminarraum
11,furniture,,19519,006,Seminarraum
12,furniture,,19574,006,Seminarraum
13,furniture,,19628,006,Seminarraum
14,furniture,,19682,006,Seminarraum
15,furniture,,19737,006,Seminarraum
16,furniture,,19791,006,Seminarraum
17,furniture,,19846,006,Seminarraum
18,furniture,,19900,006,Seminarraum
19,furniture,,19955,006,Seminarraum
