,Object,Name,furniture_id,Space,Space_LongName
0,furniture,Kuechenschrank 1,27839,6,Küche
1,furniture,Kuechenschrank 2,33279,6,Küche
2,furniture,Kuechenschrank 3,53279,6,Küche
3,furniture,Kuechenschrank 4,61407,6,Küche
4,furniture,Kuechenschrank 5,61484,6,Küche
5,furniture,Kuechenschrank 6,69611,6,Küche
6,furniture,Kuechenschrank 7,77735,6,Küche
7,furniture,Kuechenschrank 8,94415,6,Küche
8,furniture,Kuechenschrank 9,102440,6,Küche
9,furniture,Sessel,191478,5,Wohnen
10,furniture,Doppelbett,194167,4,Schlafzimmer
11,furniture,Buerotisch,195527,2,Buero
12,furniture,Buerostuhl,210173,2,Buero
13,furniture,Laufband,244860,7,Galerie
14,furniture,Rudermaschine,259609,7,Galerie
