,Object,Name,Width,Height,window_id,space0_id,IsExternal,Floor
0,Window,EG-Fenster-6,2.0,1.2,8545,303218,True,Erdgeschoss
1,Window,EG-Fenster-7,2.0,1.2,10029,301258,True,Erdgeschoss
2,Window,EG-Fenster-4,2.0,1.2,16315,301355,True,Erdgeschoss
3,Window,EG-Fenster-5,2.0,1.2,16467,301851,True,Erdgeschoss
4,Window,EG-Fenster-8,2.0,1.2,16792,302395,True,Erdgeschoss
5,Window,EG-Fenster-9,2.0,1.2,16962,301661,True,Erdgeschoss
6,Window,EG-Fenster-1,2.0,1.2,17283,303403,True,Erdgeschoss
7,Window,EG-Fenster-2,2.0,1.2,17435,302939,True,Erdgeschoss
8,Window,EG-Fenster-3,2.0,1.2,17587,302343,True,Erdgeschoss
9,Window,OG-Fenster-1,1.0,1.0,223746,304266,True,Dachgeschoss
10,Window,OG-Fenster-2,1.0,1.0,236183,304641,True,Dachgeschoss
