,Object,Name,Width,Height,door_id,IsExternal,Floor
0,Door,Entrée (avec angle d'ouverture):PV Triangulaire (0.90 m x 2.15 m):179165:PV Triangulaire (0.90 m x 2.15 m):179165 : Entrée (avec angle d'ouverture):PV Triangulaire (0.90 m x 2.15 m):179165:310901,980.0,2190.0,9710,True,Niveau 1
1,Door,HB-Simple-OC:830 x 2040 mm:186714:830 x 2040 mm:186714 : HB-Simple-OC:830 x 2040 mm:186714:310917,927.359934938243,2083.50000000002,13589,False,Niveau 1
2,Door,HB-Simple-OC:830 x 2040 mm:186756:830 x 2040 mm:186756 : HB-Simple-OC:830 x 2040 mm:186756:310928,917.000000000026,2083.50000000001,17403,False,Niveau 1
3,Door,HB-Simple-OC:730 x 2040 mm:154010:730 x 2040 mm:154010 : HB-Simple-OC:730 x 2040 mm:154010:310981,836.710040479191,2083.50000000001,29995,False,Niveau 10
4,Door,0762 x 2032mm 25905:0762 x 2032mm 25905:314149,929.641928658894,2108.0,56163,False,Niveau 10
5,Door,0762 x 2032mm 2:0762 x 2032mm 2:314192,936.408807721677,2108.0,56271,False,Niveau 10
6,Door,0762 x 2032mm 3:0762 x 2032mm 3:314235,936.408807721677,2108.0,56378,False,Niveau 10
7,Door,0762 x 2032mm 4:0762 x 2032mm 4:314278,936.408807721676,2108.0,56485,False,Niveau 10
8,Door,0762 x 2032mm 5:0762 x 2032mm 5:314321,1229.23078908526,2108.0,56592,False,Niveau 10
9,Door,0762 x 2032mm:0762 x 2032mm:314440,2032.0,762.000000000006,61607,False,Mur de fondation T.O
10,Door,0762 x 2032mm 6:0762 x 2032mm 6:314477,914.0,2108.0,61706,False,Niveau 9
11,Door,0762 x 2032mm:0762 x 2032mm:314485,2032.0,762.000000000001,61730,False,Niveau 9
