,Object,Name,column_id,GrossVolume,LoadBearing,IsExternal,Floor
0,column,B28_SCO_3HN_kolom_vierkant_beton_prefab:( b x d ) ( 350 x 350 ):7202269,347469,1.88090551181102,True,False,W_V0
1,column,B28_SCO_3HN_kolom_vierkant_beton_prefab:( b x d ) ( 350 x 350 ):7202271,347571,1.88090551181102,True,False,W_V0
2,column,B28_SCO_3HN_kolom_vierkant_beton_prefab:( b x d ) ( 350 x 350 ):7202273,347651,1.88090551181102,True,False,W_V0
3,column,B28_SCO_3HN_kolom_vierkant_beton_prefab:( b x d ) ( 350 x 350 ):7202275,347709,1.88090551181102,True,False,W_V0
4,column,B28_SCO_3HN_kolom_vierkant_beton_prefab:( b x d ) ( 350 x 350 ):7202277,347766,1.88090551181102,True,False,W_V0
5,column,B28_SCO_3HN_kolom_vierkant_beton_prefab:( b x d ) ( 350 x 350 ):7202279,347823,1.88090551181102,True,False,W_V0
6,column,B28_SCO_3HN_kolom_vierkant_beton_prefab:( b x d ) ( 350 x 350 ):7202281,347880,1.88090551181102,True,False,W_V0
