,Object,Name,furniture_id,Space,Space_LongName
0,furniture,300_73_ISR_aanrechtblok:zonder bovenkastjes zonder koken:5716560,111568,V4_21_metselwerk scheidingslijn,V4_21_metselwerk scheidingslijn
1,furniture,300_73_ISR_aanrechtblok:zonder bovenkastjes zonder koken:5717182,111637,V3_21_metselwerk scheidingslijn,V3_21_metselwerk scheidingslijn
2,furniture,300_73_ISR_aanrechtblok:zonder bovenkastjes zonder koken:5717183,111671,V2_21_metselwerk scheidingslijn,V2_21_metselwerk scheidingslijn
3,furniture,300_73_ISR_aanrechtblok:zonder bovenkastjes zonder koken:5717184,111705,V1_21_metselwerk_scheidingslijn,V1_21_metselwerk_scheidingslijn
