,Object,Name,Width,Height,window_id,space0_id,Floor,FireRating
0,Window,EG-Fenster-6,2.0,1.2,23024,77258,Erdgeschoss,
1,Window,EG-Fenster-7,2.0,1.2,23944,78356,Erdgeschoss,
2,Window,EG-Fenster-4,2.0,1.2,27833,78327,Erdgeschoss,
3,Window,EG-Fenster-5,2.0,1.2,28113,77570,Erdgeschoss,
4,Window,EG-Fenster-8,2.0,1.2,31818,76772,Erdgeschoss,
5,Window,EG-Fenster-9,2.0,1.2,32098,77599,Erdgeschoss,
6,Window,EG-Fenster-1,2.0,1.2,32829,77229,Erdgeschoss,
7,Window,EG-Fenster-2,2.0,1.2,33109,77001,Erdgeschoss,
8,Window,EG-Fenster-3,2.0,1.2,33389,76743,Erdgeschoss,
9,Window,OG-Fenster-2,1.0,1.0,66459,78740,Dachgeschoss,
10,Window,OG-Fenster-1,1.0,1.0,74280,78987,Dachgeschoss,
