,Object,Name,furniture_id,Space,Space_LongName
0,furniture,M_Desk:1830 x 915mm:287077,123589,302,302
1,furniture,M_Desk:1830 x 915mm:287152,123680,302,302
2,furniture,M_Desk:1830 x 915mm:292509,123726,301,301
3,furniture,M_Desk:1830 x 915mm:292510,123772,301,301
4,furniture,M_Desk:1830 x 915mm:292628,123818,303,303
5,furniture,M_Desk:1830 x 915mm:292629,123864,303,303
6,furniture,M_Desk:1830 x 915mm:292703,123910,304,304
7,furniture,M_Desk:1830 x 915mm:292704,123956,304,304
8,furniture,M_Desk:1830 x 915mm:292859,124002,305,305
9,furniture,M_Desk:1830 x 915mm:292932,124048,305,305
10,furniture,M_Desk:1830 x 915mm:293051,124094,306,306
11,furniture,M_Desk:1830 x 915mm:293052,124140,306,306
12,furniture,M_Desk:1830 x 915mm:293156,124186,307,307
13,furniture,M_Desk:1830 x 915mm:293273,124232,307,307
14,furniture,M_Desk:1830 x 915mm:293388,124278,307,307
15,furniture,M_Desk:1830 x 915mm:293574,124324,308,308
16,furniture,M_Desk:1830 x 915mm:293699,124370,309,309
17,furniture,M_Desk:1830 x 915mm:293756,124416,310,310
18,furniture,M_Desk:1830 x 915mm:293851,124462,311,311
19,furniture,M_Desk:1830 x 915mm:293914,124508,312,312
