,Object,Name,stair_id,IsExternal,NumberOfRiser,NumberOfTreads,RiserHeight,TreadLength,Floor
0,Stair,Assembled Stair:Stair:425024,86903,False,30.0,27.0,0.5,0.916666666666667,01 TO SOG
1,Stair,Assembled Stair:Stair:425971,90069,False,30.0,27.0,0.5,0.916666666666667,02 TO Second Floor
2,Stair,Assembled Stair:Stair:426745,93230,False,30.0,27.0,0.5,0.916666666666667,01 TO SOG
3,Stair,Assembled Stair:Stair:427358,96395,False,30.0,27.0,0.5,0.916666666666667,02 TO Second Floor
4,Stair,Assembled Stair:Stair:441491,132273,False,26.0,25.0,0.576923076923077,0.916666666666667,02 TO Second Floor
