,Object,Name,furniture_id,Space,Space_LongName
0,furniture,Knoll_Studio_MiesvanderRohe_Barcelona_Stool:StainlessSteel:376504,268199,Level 2,Level 2
1,furniture,Knoll_Studio_MiesvanderRohe_Barcelona_Stool:StainlessSteel:376424,268145,Level 2,Level 2
2,furniture,Knoll_Studio_MiesvanderRohe_Barcelona_Stool:StainlessSteel:376406,268091,Level 2,Level 2
3,furniture,Knoll_Studio_MiesvanderRohe_Barcelona_Stool:StainlessSteel:376392,268008,Level 2,Level 2
4,furniture,Knoll_Studio_MiesvanderRohe_Barcelona_Chair:StainlessSteel:373056,216168,Level 2,Level 2
5,furniture,Knoll_Studio_MiesvanderRohe_Barcelona_Chair:StainlessSteel:373142,216255,Level 2,Level 2
