,Object,Name,Width,Height,door_id,IsExternal,Floor
0,Door,HB-Simple-OC:730 x 2040 mm:154010,819.000000000011,2084.5,9515,False,Niveau 10
1,Door,Simple avec alignement:0762 x 2032mm:154132,762.000000000006,2032.0,9649,False,Niveau 10
2,Door,Simple avec alignement:0762 x 2032mm:154708,761.999999999997,2032.0,9818,False,Niveau 10
3,Door,Simple avec alignement:0762 x 2032mm:154740,761.999999999997,2032.0,9841,False,Niveau 10
4,Door,Simple avec alignement:0762 x 2032mm:154763,761.999999999997,2032.0,9864,False,Niveau 10
5,Door,Simple avec alignement:0762 x 2032mm:154797,762.000000000006,2032.0,9964,False,Niveau 10
6,Door,Entrée (avec angle d'ouverture):PV Triangulaire (0.90 m x 2.15 m):179165,980.0,2190.0,18967,True,Ground
7,Door,HB-Simple-OC:830 x 2040 mm:186714,919.000000000001,2084.5,21027,False,Ground
8,Door,HB-Simple-OC:830 x 2040 mm:186756,919.000000000001,2084.5,21049,False,Ground
9,Door,Simple avec alignement:0762 x 2032mm:189607,762.000000000006,2032.0,25905,False,Mur de fondation T.O
10,Door,Simple avec alignement:0762 x 2032mm:189743,762.0,2032.0,25926,False,Niveau 9
11,Door,Simple avec alignement:0762 x 2032mm:189754,762.000000000001,2032.0,25949,False,Niveau 9
