,Object,Name,stair_id,IsExternal,NumberOfRiser,NumberOfTreads,RiserHeight,TreadLength,Floor
0,Stair,Escalier:Monobloc 2:162416,8582,False,16.0,16.0,0.169375000000437,0.291249999999126,1er sous-sol
1,Stair,Escalier:Monobloc 2:184041,15307,False,18.0,18.0,0.168333333332945,0.29333333333411,rez-de-chaussée
2,Stair,Escalier:Monobloc 2:186856,20703,False,18.0,18.0,0.168333333332945,0.29333333333411,1er étage
3,Stair,Escalier:Bois - Limons à Crémaillère - Sans Contremarche:230366,32502,False,7.0,6.0,0.187142857142857,0.255714285714286,rez-de-chaussée
4,Stair,Escalier:Bois - Limons à Crémaillère - Sans Contremarche:230785,38530,False,13.0,12.0,0.15769230769177,0.31461538461646,rez-de-chaussée
5,Stair,Escalier:Bois - Limons à Crémaillère - Sans Contremarche:232757,41256,False,7.0,6.0,0.187142857142857,0.255714285714286,1er étage
6,Stair,Escalier:Bois - Limons à Crémaillère - Sans Contremarche:233082,47309,False,13.0,12.0,0.157692307692308,0.314615384615384,1er étage
