,Object,Name,Width,Height,door_id,space0_id,space1_id,IsExternal,Floor
0,Door,Drehflügel 1-flg - Variabel:Drehflügel 1-flg - Variabel:162953,0.920000000000025,2.25999999999998,32213,165246,165391,False,0_Hauptebene
1,Door,Drehflügel 1-flg - Variabel:Drehflügel 1-flg - Variabel:163354,0.840000000000034,2.25999999999998,34402,165235,,False,0_Hauptebene
2,Door,Drehflügel 1-flg - Variabel:Drehflügel 1-flg - Variabel:163497,0.865000000000003,2.25999999999998,36402,165259,165395,False,0_Hauptebene
3,Door,Drehflügel 1-flg - Variabel:Drehflügel 1-flg - Variabel:163748,0.865000000000003,2.25999999999998,38391,165275,165399,False,0_Hauptebene
4,Door,Drehflügel 1-flg - Variabel:Drehflügel 1-flg - Variabel:163764,0.865000000000003,2.25999999999998,38465,165276,165400,False,0_Hauptebene
5,Door,Drehflügel 1-flg - Variabel:Drehflügel 1-flg - Variabel:163787,1.0000260216624,2.25999999999998,40452,165306,,False,0_Hauptebene
6,Door,Drehflügel 1-flg - Variabel:Drehflügel 1-flg - Variabel:163919,0.945000000000008,2.25999999999998,42435,165450,,False,0_Hauptebene
7,Door,Drehflügel 1-flg - Variabel:Drehflügel 1-flg - Variabel:164124,0.775000000000027,2.25999999999998,44424,165329,165346,False,0_Hauptebene
8,Door,Drehflügel 1-flg - Variabel:Drehflügel 1-flg - Variabel:164296,0.885000000000022,2.25999999999998,46412,165453,,False,0_Hauptebene
9,Door,Drehflügel 1-flg - Variabel:Drehflügel 1-flg - Variabel:164469,0.840000000000001,2.25999999999998,48401,165457,,False,0_Hauptebene
10,Door,Drehflügel 1-flg - Variabel:Drehflügel 1-flg - Variabel:164621,0.980000000000007,2.25999999999998,50389,165420,165444,False,0_Hauptebene
11,Door,Drehflügel 1-flg - Variabel:Drehflügel 1-flg - Variabel:164858,0.915,2.25999999999998,52378,165293,165438,False,0_Hauptebene
12,Door,Drehflügel 1-flg - Variabel:Drehflügel 1-flg - Variabel:165078,0.960000000000022,2.25999999999998,54367,165290,165406,False,0_Hauptebene
13,Door,Drehflügel 1-flg - Variabel:Drehflügel 1-flg - Variabel:166453,0.859999999999999,2.25999999999998,57015,165387,165427,False,1_Empore
14,Door,Drehflügel 1-flg - Variabel:Drehflügel 1-flg - Variabel:166609,0.900000000000051,2.25999999999998,59003,165371,165470,False,1_Empore
15,Door,Drehflügel 1-flg - Variabel:Drehflügel 1-flg - Variabel:166778,0.870000000000021,2.25999999999998,60986,,,False,1_Empore
16,Door,Drehflügel 1-flg - Variabel:Drehflügel 1-flg - Variabel:166925,0.884999999999986,2.25999999999998,62969,,,False,1_Empore
17,Door,Drehflügel 1-flg - Variabel:Drehflügel 1-flg - Variabel:167045,0.907500000000019,2.25999999999998,64952,,,False,1_Empore
18,Door,Drehflügel 1-flg - Variabel:Drehflügel 1-flg - Variabel:167150,0.880000000000001,2.25999999999998,66935,165433,,False,1_Empore
