,Object,Name,beam_id,GrossVolume,LoadBearing,IsExternal,Floor
0,beam,STB Unterzug:STB 41 x 22:172214,71912,1.45443892,True,False,2_Decke
1,beam,STB Unterzug:STB 41 x 22:172678,72075,1.45443892,True,False,2_Decke
2,beam,STB Unterzug:STB 41 x 22:172700,72175,1.5070165,True,False,2_Decke
3,beam,STB Unterzug:STB 41 x 22:172730,72273,1.45173292,True,False,2_Decke
4,beam,STB Unterzug:STB 41 x 22:172763,72373,0.67060092000058,True,False,2_Decke
5,beam,STB Unterzug:STB 41 x 22:172788,72475,0.700610460000002,True,False,2_Decke
