,Object,Name,furniture_id,Space,Space_LongName
0,furniture,Stuhl (2):Stuhl (CIP-Pool):156122,22204,R108,CIP-Pool
1,furniture,Stuhl (2):Stuhl (CIP-Pool):156328,22298,R108,CIP-Pool
2,furniture,Stuhl (2):Stuhl (CIP-Pool):156487,22374,R108,CIP-Pool
3,furniture,Stuhl (2):Stuhl (CIP-Pool):156490,22428,R108,CIP-Pool
4,furniture,Stuhl (2):Stuhl (CIP-Pool):156593,22494,R108,CIP-Pool
5,furniture,Stuhl (2):Stuhl (CIP-Pool):156596,22548,R108,CIP-Pool
6,furniture,Stuhl (2):Stuhl (CIP-Pool):156634,22614,R108,CIP-Pool
7,furniture,Stuhl (2):Stuhl (CIP-Pool):156637,22668,R108,CIP-Pool
8,furniture,Stuhl (2):Stuhl (CIP-Pool):165218,54445,R108,CIP-Pool
9,furniture,Stuhl (2):Stuhl (CIP-Pool):165221,54499,R108,CIP-Pool
10,furniture,Stuhl (2):Stuhl (CIP-Pool):165800,54565,R108,CIP-Pool
11,furniture,Stuhl (2):Stuhl (CIP-Pool):165803,54619,R108,CIP-Pool
12,furniture,Stuhl (2):Stuhl (CIP-Pool):166074,54673,R108,CIP-Pool
13,furniture,Stuhl (2):Stuhl (CIP-Pool):166077,54727,R108,CIP-Pool
14,furniture,Stuhl (2):Stuhl (CIP-Pool):166164,54781,R108,CIP-Pool
15,furniture,Stuhl (2):Stuhl (CIP-Pool):166167,54835,R108,CIP-Pool
16,furniture,Stuhl (2):Stuhl (CIP-Pool):166254,54889,R108,CIP-Pool
17,furniture,Stuhl (2):Stuhl (CIP-Pool):166257,54943,R108,CIP-Pool
18,furniture,Stuhl (2):Stuhl (CIP-Pool):166344,54997,R108,CIP-Pool
19,furniture,Stuhl (2):Stuhl (CIP-Pool):166347,55051,R108,CIP-Pool
