,space_id,Name,LongName,Height,GrossFloorArea,number of doors,number of windows
0,186,R101,Assistenten,2.27,33.5084,2,4
1,644,R102,Ruheraum,2.27,15.6948,1,4
2,969,R103,Konferenz / Seminar,4.79,33.6896,2,8
3,1443,R104,Sekretariat,2.27,16.8025,2,6
4,2010,R108,CIP-Pool,4.79,107.244739,2,7
5,2959,R110,CIP-Pool Service,2.75,17.69406426,1,5
6,3543,R101.3,Assistenten,2.32,33.6284,1,3
7,3954,R102.2,Professor,2.32,19.2444,1,5
8,4390,R103.1,Lounge ,2.27,32.9522,6,11
9,5189,R103.2,Hiwis,2.32,29.2885,2,3
10,5691,R104.2,Vorraum,2.75,19.45985,5,5
11,6452,R108.1,Hiwis,2.32,39.157475,1,0
