,Object,Name,furniture_id,Space,Space_LongName
0,furniture,@A_Chaise_03:Chaise:2149422,85031,11.03.,Poste infirmier / préparation des soins
1,furniture,@A_Chaise_03:Chaise:2149662,85106,11.03.,Poste infirmier / préparation des soins
2,furniture,@A_Table_03:100x50:2332420,90877,10.11.,Attente USINV
3,furniture,@A_Chaise_03:Chaise:2424870,98651,6.03.,Bureau Infirmier - unités soins intensif
4,furniture,@A_Chaise_03:Chaise:2432979,99079,6.06.,Poste infirmier / préparation des soins
5,furniture,@A_Chaise_03:Chaise:2436327,99626,6.05.,Poste de soins de proximité
6,furniture,@A_ChaiseTroy:ChaiseTroy:2453143,129452,10.11.,Attente USINV
7,furniture,@A_ChaiseTroy:ChaiseTroy:2453144,129519,10.11.,Attente USINV
8,furniture,@A_ChaiseTroy:ChaiseTroy:2453146,129570,10.11.,Attente USINV
9,furniture,@A_ChaiseTroy:ChaiseTroy:2453147,129621,10.11.,Attente USINV
10,furniture,@A_ChaiseTroy:ChaiseTroy:2453148,129672,10.11.,Attente USINV
11,furniture,@A_ChaiseAalto:ChaiseAalto:2775124,201324,3.12.,Staff transmission / Office Personnel
12,furniture,@A_ChaiseAalto:ChaiseAalto:2775125,201395,3.12.,Staff transmission / Office Personnel
13,furniture,@A_ChaiseAalto:ChaiseAalto:2775126,203761,3.12.,Staff transmission / Office Personnel
14,furniture,@A_ChaiseAalto:ChaiseAalto:2775127,203813,3.12.,Staff transmission / Office Personnel
15,furniture,@A_ChaiseAalto:ChaiseAalto:2775128,203864,3.12.,Staff transmission / Office Personnel
16,furniture,@A_Table_04:TableOvale2pieds_140x80:2775130,204010,3.12.,Staff transmission / Office Personnel
17,furniture,@A_ChaiseAalto:ChaiseAalto:2775132,204094,3.12.,Staff transmission / Office Personnel
18,furniture,@A_ChaiseAalto:ChaiseAalto:2776754,204185,3.12.,Staff transmission / Office Personnel
19,furniture,@A_ChaiseAalto:ChaiseAalto:2776755,204236,3.12.,Staff transmission / Office Personnel
