,Object,Name,furniture_id,Space,Space_LongName
0,furniture,M_Upper Cabinet-Double Door-Wall:915mm:915mm:324018,179594,1D06,SCOPE WASH / DECON.
1,furniture,M_Base Cabinet-Double Door & 2 Drawer:900mm:900mm:324205,179987,1D06,SCOPE WASH / DECON.
2,furniture,M_Base Cabinet-Double Door & 2 Drawer:1030mm:1030mm:324898,180382,1D06,SCOPE WASH / DECON.
3,furniture,M_Counter Top:600mm Depth:600mm Depth:326252,180485,1D06,SCOPE WASH / DECON.
4,furniture,M_Upper Cabinet-Single Door-Wall:610mm:610mm:326852,181656,1D40,IMMUNIZ'N ROOM
5,furniture,M_Base Cabinet-Double Door & 2 Drawer:600mm:600mm:327015,182050,1D40,IMMUNIZ'N ROOM
6,furniture,M_Counter Top:600mm Depth:600mm Depth:327273,182150,1D40,IMMUNIZ'N ROOM
7,furniture,M_Base Cabinet-Double Door & 2 Drawer:1200mm:1200mm:327512,182505,1D38,TRMT ROOM
8,furniture,M_Base Cabinet-Double Door & 2 Drawer:900mm:900mm:328134,182900,1E11,STAFF LOUNGE
9,furniture,M_Base Cabinet-Double Door & 2 Drawer:600mm:600mm:328330,182926,1E11,STAFF LOUNGE
10,furniture,M_Upper Cabinet-Double Door-Wall:915mm:915mm:328573,182955,1E11,STAFF LOUNGE
11,furniture,M_Upper Cabinet-Double Door-Wall:915mm:915mm:328637,182984,1E04,HK BREAK ROOM
12,furniture,M_Base Cabinet-Double Door & 2 Drawer:900mm:900mm:328719,183010,1E04,HK BREAK ROOM
13,furniture,M_Counter Top:600mm Depth:600mm Depth:328859,183065,1E04,HK BREAK ROOM
14,furniture,M_Base Cabinet-Double Door & 2 Drawer:600mm:600mm:329197,183096,1E04,HK BREAK ROOM
15,furniture,M_Counter Top:600mm Depth:600mm Depth:329412,183151,1E11,STAFF LOUNGE
16,furniture,M_Base Cabinet-Double Door & 2 Drawer:1270mm:1270mm:329846,183506,1E30,SOIL. LIN.
17,furniture,M_Counter Top w Sink Hole:600mm Depth:600mm Depth:330055,183634,1E30,SOIL. LIN.
18,furniture,M_Base Cabinet-Double Door & 2 Drawer:1200mm:1200mm:330509,183755,1E16,BMET WORK STATION
19,furniture,M_Counter Top w Sink Hole:600mm Depth:600mm Depth:330800,183838,1E16,BMET WORK STATION
