,Object,Name,column_id,LoadBearing,Floor
0,column,Staalconsole as A/1,81,True,Undefined
1,column,KOLOM,333,True,Undefined
2,column,KOLOM,401,True,Undefined
3,column,LIGGER,492,True,Undefined
4,column,LIGGER,510,True,Undefined
5,column,LIGGER,519,True,Undefined
6,column,LIGGER,528,True,Undefined
7,column,LIGGER,537,True,Undefined
8,column,LIGGER,546,True,Undefined
9,column,LIGGER,555,True,Undefined
10,column,LIGGER,564,True,Undefined
11,column,LIGGER,573,True,Undefined
12,column,LIGGER,582,True,Undefined
13,column,Ankerrail_V,3444,True,Undefined
14,column,Ankerrail_V,3465,True,Undefined
