,Object,Name,Width,Height,door_id,IsExternal,FireRating,Floor,space0_id,space1_id
0,Door,M_Single-Flush:0762 x 2032mm:0762 x 2032mm:204034,0.762,2.032,125,False,Fire Rating,Level 2,,
1,Door,M_Single-Flush:0864 x 2032mm:0864 x 2032mm:150478,0.8639999999999995,2.032,180,False,Fire Rating,Level 2,,
2,Door,M_Single-Flush:0864 x 2032mm:0864 x 2032mm:150378,0.8639999999999999,2.032,181,False,Fire Rating,Level 2,,
3,Door,M_Single-Flush:0762 x 2032mm:0762 x 2032mm:203720,0.762,2.032,198,False,Fire Rating,Level 2,27170,27224
4,Door,M_Single-Flush:0762 x 2032mm:0762 x 2032mm:150173,0.7619999999999989,2.032,199,False,Fire Rating,Level 1,27183,27261
5,Door,M_Single-Flush:0864 x 2032mm:0864 x 2032mm:159734,0.8639999999999995,2.032,200,False,Fire Rating,Level 2,27268,27342
6,Door,M_Single-Flush:0762 x 2032mm:0762 x 2032mm:150257,0.762,2.032,201,False,Fire Rating,Level 1,27323,27349
7,Door,M_Single-Flush:0864 x 2032mm:0864 x 2032mm:160208,0.8639999999999995,2.032,202,False,Fire Rating,Level 2,27196,27263
8,Door,M_Single-Flush:0864 x 2032mm:0864 x 2032mm:159834,0.8639999999999995,2.032,203,False,Fire Rating,Level 2,27200,27298
9,Door,M_Single-Flush:0864 x 2032mm:0864 x 2032mm:160065,0.8639999999999985,2.032,204,False,Fire Rating,Level 2,27142,27337
10,Door,M_Single-Glass 1:0813 x 2420mm:0813 x 2420mm:171975,0.8129999999999993,2.42,251,False,Fire Rating,Level 1,27208,
11,Door,M_Single-Flush:1250mm x 2010mm:1250mm x 2010mm:146596,1.25,2.009999999999999,252,False,Fire Rating,Level 1,27294,
12,Door,M_Single-Flush:1250mm x 2010mm:1250mm x 2010mm:146678,1.25,2.009999999999999,253,False,Fire Rating,Level 1,27315,
13,Door,M_Single-Glass 1:0813 x 2420mm:0813 x 2420mm:171853,0.8129999999999998,2.42,254,False,Fire Rating,Level 1,27204,
