,Object,Name,furniture_id,Space,Space_LongName
0,furniture,M_Counter Top:600mm Depth:600mm Depth:162494,341,A103,Kitchen
1,furniture,M_Counter Top:600mm Depth:600mm Depth:161646,342,B103,Kitchen
2,furniture,M_Counter Top:600mm Depth:600mm Depth:162491,343,A103,Kitchen
3,furniture,M_Counter Top w Sink Hole:600mm Depth:600mm Depth:161165,344,B103,Kitchen
4,furniture,M_Counter Top:600mm Depth:600mm Depth:162231,345,B103,Kitchen
5,furniture,M_Counter Top w Sink Hole:600mm Depth:600mm Depth:162490,346,A103,Kitchen
6,furniture,M_Tall Cabinet-Single Door(2):800 mm:800 mm:157951,363,A203,Bedroom 2
7,furniture,M_Tall Cabinet-Single Door(2):800 mm:800 mm:157607,364,B202,Bedroom 1
8,furniture,M_Tall Cabinet-Single Door(2):800 mm:800 mm:157200,365,B202,Bedroom 1
9,furniture,M_Tall Cabinet-Single Door(2):800 mm:800 mm:157984,366,A202,Bedroom 1
10,furniture,M_Tall Cabinet-Single Door(2):800 mm:800 mm:157983,367,A202,Bedroom 1
11,furniture,M_Tall Cabinet-Single Door(2):800 mm:800 mm:157950,368,A203,Bedroom 2
12,furniture,M_Tall Cabinet-Single Door(2):800 mm:800 mm:158081,369,B203,Bedroom 2
13,furniture,M_Tall Cabinet-Single Door(2):800 mm:800 mm:158080,370,B203,Bedroom 2
14,furniture,M_Base Cabinet-Double Door & 2 Drawer:1000mm:1000mm:159262,433,B103,Kitchen
15,furniture,M_Base Cabinet-Double Door & 2 Drawer:1000mm:1000mm:160717,434,B103,Kitchen
16,furniture,M_Base Cabinet-Double Door & 2 Drawer:1000mm:1000mm:162486,435,A103,Kitchen
17,furniture,M_Base Cabinet-Double Door & 2 Drawer:1000mm:1000mm:162497,436,A103,Kitchen
18,furniture,M_Upper Cabinet-Double Door-Wall:1000 mm:1000 mm:191401,437,A103,Kitchen
19,furniture,M_Base Cabinet-Double Door & 2 Drawer:1000mm:1000mm:162383,438,B103,Kitchen
