,Object,Name,furniture_id,Space,Space_LongName
0,furniture,M_Tall Cabinet-Single Door(2):800 mm:800 mm:157200,12574,B202,Bedroom 1
1,furniture,M_Tall Cabinet-Single Door(2):800 mm:800 mm:157607,12976,B202,Bedroom 1
2,furniture,M_Tall Cabinet-Single Door(2):800 mm:800 mm:157950,13331,A203,Bedroom 2
3,furniture,M_Tall Cabinet-Single Door(2):800 mm:800 mm:157951,13685,A203,Bedroom 2
4,furniture,M_Tall Cabinet-Single Door(2):800 mm:800 mm:157983,14040,A202,Bedroom 1
5,furniture,M_Tall Cabinet-Single Door(2):800 mm:800 mm:157984,14394,A202,Bedroom 1
6,furniture,M_Tall Cabinet-Single Door(2):800 mm:800 mm:158080,14749,B203,Bedroom 2
7,furniture,M_Tall Cabinet-Single Door(2):800 mm:800 mm:158081,15103,B203,Bedroom 2
8,furniture,M_Base Cabinet-Double Door & 2 Drawer:1000mm:1000mm:159159,15463,B103,Kitchen
9,furniture,M_Base Cabinet-Double Door & 2 Drawer:1000mm:1000mm:159262,15856,B103,Kitchen
10,furniture,M_Base Cabinet-Double Door & 2 Drawer:1000mm:1000mm:160671,16149,B103,Kitchen
11,furniture,M_Base Cabinet-Double Door & 2 Drawer:1000mm:1000mm:160717,16175,B103,Kitchen
12,furniture,M_Counter Top w Sink Hole:600mm Depth:600mm Depth:161165,16261,B103,Kitchen
13,furniture,M_Counter Top:600mm Depth:600mm Depth:161646,16411,B103,Kitchen
14,furniture,M_Base Cabinet-Double Door & 2 Drawer:1000mm:1000mm:162230,16485,B103,Kitchen
15,furniture,M_Counter Top:600mm Depth:600mm Depth:162231,16531,B103,Kitchen
16,furniture,M_Base Cabinet-Double Door & 2 Drawer:1000mm:1000mm:162311,16563,B103,Kitchen
17,furniture,M_Base Cabinet-Double Door & 2 Drawer:1000mm:1000mm:162357,16589,B103,Kitchen
18,furniture,M_Base Cabinet-Double Door & 2 Drawer:1000mm:1000mm:162383,16615,B103,Kitchen
19,furniture,M_Base Cabinet-Double Door & 2 Drawer:1000mm:1000mm:162486,16641,A103,Kitchen
