,Object,Name,beam_id,LoadBearing,IsExternal,Floor
0,beam,M_W-Wide Flange:W310X60:207325,28785,True,False,Level 2
1,beam,M_W-Wide Flange:W410X60:208949,28839,True,False,Level 2
2,beam,M_W-Wide Flange:W410X60:209121,28883,True,False,Roof
3,beam,M_W-Wide Flange:W410X60:209166,28927,True,False,Roof
4,beam,M_W-Wide Flange:W310X60:209260,28971,True,False,Level 2
5,beam,M_W-Wide Flange:W410X60:209261,29015,True,False,Level 2
6,beam,M_W-Wide Flange:W410X60:209262,29059,True,False,Roof
7,beam,M_W-Wide Flange:W410X60:209263,29103,True,False,Roof
