,Object,Name,beam_id,IsExternal,LoadBearing,Floor
0,beam,M_W-Wide Flange:W310X60:W310X60:209260,171,False,True,Level 1
1,beam,M_W-Wide Flange:W410X60:W410X60:209261,172,False,True,Level 1
2,beam,M_W-Wide Flange:W410X60:W410X60:209121,173,False,True,Level 2
3,beam,M_W-Wide Flange:W410X60:W410X60:209166,174,False,True,Level 2
4,beam,M_W-Wide Flange:W310X60:W310X60:207325,175,False,True,Level 1
5,beam,M_W-Wide Flange:W410X60:W410X60:209263,176,False,True,Level 2
6,beam,M_W-Wide Flange:W410X60:W410X60:209262,177,False,True,Level 2
7,beam,M_W-Wide Flange:W410X60:W410X60:208949,178,False,True,Level 1
