,Object,Name,beam_id,IsExternal,LoadBearing,Floor
0,beam,M_W-Wide Flange:W310X60:W310X60:207325,36686,False,True,Level 1
1,beam,M_W-Wide Flange:W410X60:W410X60:208949,36892,False,True,Level 1
2,beam,M_W-Wide Flange:W410X60:W410X60:209121,37065,False,True,Level 2
3,beam,M_W-Wide Flange:W410X60:W410X60:209166,37195,False,True,Level 2
4,beam,M_W-Wide Flange:W310X60:W310X60:209260,37325,False,True,Level 1
5,beam,M_W-Wide Flange:W410X60:W410X60:209261,37456,False,True,Level 1
6,beam,M_W-Wide Flange:W410X60:W410X60:209262,37586,False,True,Level 2
7,beam,M_W-Wide Flange:W410X60:W410X60:209263,37716,False,True,Level 2
