,Object,Name,furniture_id,Space,Space_LongName
0,furniture,M_Tall Cabinet-Single Door(2):800 mm:157200,6605,B202,Bedroom 1
1,furniture,M_Tall Cabinet-Single Door(2):800 mm:157607,6815,B202,Bedroom 1
2,furniture,M_Tall Cabinet-Single Door(2):800 mm:157950,7026,A203,Bedroom 2
3,furniture,M_Tall Cabinet-Single Door(2):800 mm:157951,7236,A203,Bedroom 2
4,furniture,M_Tall Cabinet-Single Door(2):800 mm:157983,7447,A202,Bedroom 1
5,furniture,M_Tall Cabinet-Single Door(2):800 mm:157984,7657,A202,Bedroom 1
6,furniture,M_Tall Cabinet-Single Door(2):800 mm:158080,7868,B203,Bedroom 2
7,furniture,M_Tall Cabinet-Single Door(2):800 mm:158081,8078,B203,Bedroom 2
8,furniture,M_Base Cabinet-Double Door & 2 Drawer:1000mm:159159,8762,B103,Kitchen
9,furniture,M_Base Cabinet-Double Door & 2 Drawer:1000mm:159262,9409,B103,Kitchen
10,furniture,M_Base Cabinet-Double Door & 2 Drawer:1000mm:160671,9635,B103,Kitchen
11,furniture,M_Base Cabinet-Double Door & 2 Drawer:1000mm:160717,9663,B103,Kitchen
12,furniture,M_Counter Top w Sink Hole:600mm Depth:161165,9738,B103,Kitchen
13,furniture,M_Counter Top:600mm Depth:161646,9898,B103,Kitchen
14,furniture,M_Base Cabinet-Double Door & 2 Drawer:1000mm:162230,9924,B103,Kitchen
15,furniture,M_Counter Top:600mm Depth:162231,9972,B103,Kitchen
16,furniture,M_Base Cabinet-Double Door & 2 Drawer:1000mm:162311,9998,B103,Kitchen
17,furniture,M_Base Cabinet-Double Door & 2 Drawer:1000mm:162357,10026,B103,Kitchen
18,furniture,M_Base Cabinet-Double Door & 2 Drawer:1000mm:162383,10054,B103,Kitchen
19,furniture,M_Base Cabinet-Double Door & 2 Drawer:1000mm:162486,10083,A103,Kitchen
