,Object,Name,Width,Height,door_id,space0_id,IsExternal,FireRating,Floor,space1_id
0,Door,M_Single-Flush:1250mm x 2010mm:1250mm x 2010mm:146596,1.25,2.009999999999999,6652,38717,True,Fire Rating,Level 1,
1,Door,M_Single-Flush:1250mm x 2010mm:1250mm x 2010mm:146678,1.25,2.009999999999999,6757,38823,True,Fire Rating,Level 1,
2,Door,M_Single-Flush:0762 x 2032mm:0762 x 2032mm:150173,0.7619999999999989,2.032,8066,38710,False,Fire Rating,Level 1,38720
3,Door,M_Single-Flush:0762 x 2032mm:0762 x 2032mm:150257,0.762,2.032,8169,38811,False,Fire Rating,Level 1,38826
4,Door,M_Single-Flush:0864 x 2032mm:0864 x 2032mm:150378,0.8639999999999999,2.032,8283,,False,Fire Rating,Level 2,
5,Door,M_Single-Flush:0864 x 2032mm:0864 x 2032mm:150478,0.8639999999999995,2.032,8386,,False,Fire Rating,Level 2,
6,Door,M_Single-Flush:0864 x 2032mm:0864 x 2032mm:159734,0.8639999999999995,2.032,15962,38837,False,Fire Rating,Level 2,38883
7,Door,M_Single-Flush:0864 x 2032mm:0864 x 2032mm:159834,0.8639999999999995,2.032,16013,38732,False,Fire Rating,Level 2,38781
8,Door,M_Single-Flush:0864 x 2032mm:0864 x 2032mm:160065,0.8639999999999985,2.032,16064,38841,False,Fire Rating,Level 2,38850
9,Door,M_Single-Flush:0864 x 2032mm:0864 x 2032mm:160208,0.8639999999999995,2.032,16115,38737,False,Fire Rating,Level 2,38747
10,Door,M_Single-Glass 1:0813 x 2420mm:0813 x 2420mm:171853,0.8129999999999998,2.42,21821,38791,True,Fire Rating,Level 1,
11,Door,M_Single-Glass 1:0813 x 2420mm:0813 x 2420mm:171975,0.8129999999999993,2.42,21929,38688,True,Fire Rating,Level 1,
12,Door,M_Single-Flush:0762 x 2032mm:0762 x 2032mm:203720,0.762,2.032,35318,38852,False,Fire Rating,Level 2,38905
13,Door,M_Single-Flush:0762 x 2032mm:0762 x 2032mm:204034,0.762,2.032,35413,,False,Fire Rating,Level 2,
