,Object,Name,Width,Height,door_id,IsExternal,FireRating,Floor
0,Door,M_Single-Flush:1250mm x 2010mm:146596,1.25,2.01,4146,True,Fire Rating,Level 1
1,Door,M_Single-Flush:1250mm x 2010mm:146678,1.25,2.01,4177,True,Fire Rating,Level 1
2,Door,M_Single-Flush:0762 x 2032mm:150173,0.761999999999999,2.032,5044,False,Fire Rating,Level 1
3,Door,M_Single-Flush:0762 x 2032mm:150257,0.762,2.032,5075,False,Fire Rating,Level 1
4,Door,M_Single-Flush:0864 x 2032mm:150378,0.864,2.032,5182,False,Fire Rating,Level 2
5,Door,M_Single-Flush:0864 x 2032mm:150478,0.864,2.032,5213,False,Fire Rating,Level 2
6,Door,M_Single-Flush:0864 x 2032mm:159734,0.864,2.032,9510,False,Fire Rating,Level 2
7,Door,M_Single-Flush:0864 x 2032mm:159834,0.864,2.032,9541,False,Fire Rating,Level 2
8,Door,M_Single-Flush:0864 x 2032mm:160065,0.864000000000001,2.032,9571,False,Fire Rating,Level 2
9,Door,M_Single-Flush:0864 x 2032mm:160208,0.864,2.032,9601,False,Fire Rating,Level 2
10,Door,M_Single-Glass 1:0813 x 2420mm:171853,0.813,2.42,12837,True,Fire Rating,Level 1
11,Door,M_Single-Glass 1:0813 x 2420mm:171975,0.812999999999999,2.42,12868,True,Fire Rating,Level 1
12,Door,M_Single-Flush:0762 x 2032mm:203720,0.762,2.032,26921,False,Fire Rating,Level 2
13,Door,M_Single-Flush:0762 x 2032mm:204034,0.762,2.032,26998,False,Fire Rating,Level 2
