,Object,Name,stair_id,IsExternal,NumberOfRiser,NumberOfTreads,RiserHeight,TreadLength,Floor
0,Stair,Precast Stair:Stair:1510209,92417,False,25.0,25.0,179.999999999981,280.0,Level 1
1,Stair,Precast Stair:Stair:1514052,93551,False,24.0,24.0,175.0,280.0,Level 3
2,Stair,Assembled Stair:Stair:2153875,133974,False,9.0,9.0,166.666666666667,280.0,Level 0
3,Stair,Precast Stair:Stair:2267371,145466,False,25.0,25.0,180.0,280.0,Level 0
4,Stair,Precast Stair:Stair:2333655,150104,False,24.0,24.0,175.0,280.0,Level 4
5,Stair,Precast Stair:Stair:2672578,173229,False,25.0,25.0,180.0,280.0,Level 0
6,Stair,Precast Stair:Stair:2684822,176491,False,25.0,25.0,179.999999999981,280.0,Level 1
7,Stair,Precast Stair:Stair:2684884,177624,False,24.0,24.0,174.99999999998,280.0,Level 2
8,Stair,Precast Stair:Stair:2684946,178716,False,24.0,24.0,174.99999999998,280.0,Level 3
9,Stair,Precast Stair:Stair:2685013,179808,False,27.0,27.0,174.99999999998,280.0,Level 4
10,Stair,Precast Stair:Stair:3037271,237673,False,24.0,24.0,175.00000000002,280.0,Level 2
11,Stair,Assembled Stair:Stair:3058749,239960,False,9.0,9.0,166.666666666667,280.0,Level 0
12,Stair,Precast Stair:Stair:3418916,316608,False,25.0,25.0,180.0,280.0,Level 0
13,Stair,Precast Stair:Stair:3434304,318878,False,25.0,25.0,179.999999999981,280.0,Level 1
14,Stair,Precast Stair:Stair:3438483,320404,False,24.0,24.0,175.00000000002,280.0,Level 2
15,Stair,Assembled Stair:Stair:3742472,1154019,False,27.0,27.0,166.666666666649,300.0,Level 1
16,Stair,Precast Stair:Stair:3783033,1158604,False,24.0,24.0,175.00000000002,280.0,Level 3
17,Stair,Precast Stair:Stair:3794173,1161473,False,19.0,19.0,178.947368421078,280.0,HIGHBAY CRAWL SPACE
18,Stair,Assembled Stair:Stair:3804274,1162800,False,19.0,19.0,178.947368421078,280.0,HIGHBAY CRAWL SPACE
19,Stair,Assembled Stair:Stair:5285747,1395962,False,3.0,3.0,183.333333333333,300.0,Level 5
20,Stair,Assembled Stair:Stair:5285915,1398117,False,3.0,3.0,200.0,300.0,Level 5
21,Stair,Assembled Stair:Stair:5286121,1400383,False,3.0,3.0,200.0,300.0,Level 5
22,Stair,Precast Stair:Stair:6361644,1447212,False,29.0,29.0,170.689655172414,280.0,Level 0
23,Stair,Assembled Stair:Stair:9680882,2339128,False,0.0,0.0,195.833333333333,300.0,Level 0
24,Stair,Assembled Stair:Stair:13188167,6672288,False,27.0,25.0,166.666666666667,279.0,Level 1
25,Stair,Assembled Stair:Stair:16152005,8205304,False,3.0,2.0,183.333333333334,280.0,Level 0
26,Stair,Cast-In-Place Stair:Stair:16346090,8217184,False,3.0,3.0,190.0,300.0,Level 0
