,Object,Name,furniture_id,Space,Space_LongName
0,furniture,hook-single:hook-single:3506861,1059856,098,WASHROOM (FEMALE)
1,furniture,hook-single:hook-single:3545702,1124878,198,WASHROOM (FEMALE)
2,furniture,hook-single:hook-single:3545703,1124899,198,WASHROOM (FEMALE)
3,furniture,hook-single:hook-single:3545704,1124920,198,WASHROOM (FEMALE)
4,furniture,hook-single:hook-single:3545705,1124941,198,WASHROOM (FEMALE)
5,furniture,hook-single:hook-single:3545706,1124962,198,WASHROOM (FEMALE)
6,furniture,hook-single:hook-single:3575718,1127067,298,WASHROOM (FEMALE)
7,furniture,hook-single:hook-single:3575719,1127088,298,WASHROOM (FEMALE)
8,furniture,hook-single:hook-single:3575720,1127109,298,WASHROOM (FEMALE)
9,furniture,hook-single:hook-single:3575721,1127130,298,WASHROOM (FEMALE)
10,furniture,hook-single:hook-single:3575722,1127151,298,WASHROOM (FEMALE)
11,furniture,hook-single:hook-single:3576362,1129601,398,WASHROOM (FEMALE)
12,furniture,hook-single:hook-single:3576363,1129622,398,WASHROOM (FEMALE)
13,furniture,hook-single:hook-single:3576364,1129643,398,WASHROOM (FEMALE)
14,furniture,hook-single:hook-single:3576365,1129664,398,WASHROOM (FEMALE)
15,furniture,hook-single:hook-single:3576366,1129685,398,WASHROOM (FEMALE)
16,furniture,hook-single:hook-single:3576975,1131807,498,WASHROOM (FEMALE)
17,furniture,hook-single:hook-single:3576976,1131828,498,WASHROOM (FEMALE)
18,furniture,hook-single:hook-single:3576977,1131849,498,WASHROOM (FEMALE)
19,furniture,hook-single:hook-single:3576978,1131870,498,WASHROOM (FEMALE)
