,Object,Name,furniture_id,Space,Space_LongName
0,furniture,Toilet Partition | Wall-Anchored,1169,113,113
1,furniture,Toilet Partition | Floor-to-Ceiling,1170,113,113
2,furniture,Grab Bar - Horizontal | 36 Inch,1171,113,113
3,furniture,Dispenser | Toilet Paper - Jumbo Roll,1172,113,113
4,furniture,Dispenser | Toilet Paper - Jumbo Roll,1173,113,113
5,furniture,Electric Hand Dryer | High Speed,1174,112,112
6,furniture,Mirror | 18x36,1175,112,112
7,furniture,Mirror | 18x36,1176,112,112
8,furniture,Mirror | 18x36,1177,112,112
9,furniture,Dispenser | Toilet Paper - Jumbo Roll,1178,112,112
10,furniture,Toilet Partition | Floor-to-Ceiling,1179,112,112
11,furniture,Waste Receptacle | Sanitary Napkin,1180,112,112
12,furniture,Toilet Partition | Floor-to-Ceiling,1181,113,113
13,furniture,Dispenser | Toilet Paper - Jumbo Roll,1182,113,113
14,furniture,Urinal Divider | Wall-Anchored,1183,113,113
15,furniture,Urinal Divider | Wall-Anchored,1184,113,113
16,furniture,Electric Hand Dryer | High Speed,1185,112,112
17,furniture,Electric Hand Dryer | High Speed,1186,113,113
18,furniture,Mirror | 18x36,1187,113,113
19,furniture,Mirror | 18x36,1188,113,113
