,Object,Name,beam_id,LoadBearing,Floor
0,beam,DEURSYMBOOL,651,True,Undefined
1,beam,KRUK,743,True,Undefined
2,beam,KRUK,937,True,Undefined
3,beam,KRUK,955,True,Undefined
4,beam,KRUK,1093,True,Undefined
5,beam,DRAAIRICHTING,1288,True,Undefined
6,beam,GAIN,1479,True,Undefined
7,beam,GAIN,1503,True,Undefined
8,beam,GAIN,1514,True,Undefined
9,beam,DRAAIRICHTING,1692,True,Undefined
10,beam,DEURSYMBOOL,2193,True,Undefined
11,beam,DEURSYMBOOL,2692,True,Undefined
12,beam,KRUK,2703,True,Undefined
13,beam,KRUK,2710,True,Undefined
14,beam,KRUK,2719,True,Undefined
15,beam,KRUK,2723,True,Undefined
16,beam,DRAAIRICHTING,2860,True,Undefined
