,Object,Name,Width,Height,window_id,space0_id,Floor,FireRating
0,Window,EG-Fenster-6,2.0,1.2,15008,69317,Erdgeschoss,
1,Window,EG-Fenster-7,2.0,1.2,15613,69354,Erdgeschoss,
2,Window,EG-Fenster-4,2.0,1.2,18973,69353,Erdgeschoss,
3,Window,EG-Fenster-5,2.0,1.2,19578,69327,Erdgeschoss,
4,Window,EG-Fenster-8,2.0,1.2,22805,69300,Erdgeschoss,
5,Window,EG-Fenster-9,2.0,1.2,23410,69328,Erdgeschoss,
6,Window,EG-Fenster-1,2.0,1.2,24041,69316,Erdgeschoss,
7,Window,EG-Fenster-2,2.0,1.2,24646,69308,Erdgeschoss,
8,Window,EG-Fenster-3,2.0,1.2,25251,69299,Erdgeschoss,
9,Window,OG-Fenster-2,1.0,1.0,48493,69363,Dachgeschoss,
10,Window,OG-Fenster-1,1.0,1.0,54132,69367,Dachgeschoss,
