,Object,Name,beam_id,LoadBearing,IsExternal,Floor
0,beam,Concrete-Rectangular Beam:24 x 36:322022,34286,True,False,00 Foundation
1,beam,Concrete-Rectangular Beam:24 x 36:322044,34378,True,False,00 Foundation
2,beam,Concrete-Rectangular Beam:24 x 36:322065,34450,True,False,00 Foundation
3,beam,Concrete-Rectangular Beam:24 x 36:322082,34522,True,False,00 Foundation
4,beam,Concrete-Rectangular Beam:24 x 36:322100,34594,True,False,00 Foundation
5,beam,Concrete-Rectangular Beam:24 x 36:322119,34667,True,False,00 Foundation
6,beam,Concrete-Rectangular Beam:24 x 36:322133,34739,True,False,00 Foundation
7,beam,Concrete-Rectangular Beam:24 x 36:322153,34811,True,False,00 Foundation
8,beam,Concrete-Rectangular Beam:24 x 36:322170,34883,True,False,00 Foundation
9,beam,Concrete-Rectangular Beam:24 x 36:322186,34955,True,False,00 Foundation
