,Object,Name,furniture_id,Space,Space_LongName
0,furniture,IMP - 131,298318,2.OG,
1,furniture,IMP - 131,298354,2.OG,
2,furniture,IMP - 134,298359,2.OG,
3,furniture,IMP - 134,298643,2.OG,
4,furniture,IMP - 010,298648,2.OG,
5,furniture,IMP - 001,302895,2.OG,
6,furniture,IMP - 001,319554,2.OG,
7,furniture,IMP - 001,332181,2.OG,
8,furniture,IMP - 001,344808,2.OG,
9,furniture,IMP - 001,357435,2.OG,
10,furniture,IMP - 001,370062,2.OG,
11,furniture,IMP - 002,382689,2.OG,
12,furniture,IMP - 002,383757,2.OG,
13,furniture,IMP - 002,383762,2.OG,
14,furniture,IMP - 002,383767,2.OG,
15,furniture,IMP - 002,383772,2.OG,
16,furniture,IMP - 002,383777,2.OG,
