,Object,Name,Width,Height,window_id,space0_id,IsExternal,Floor
0,Window,推拉窗1-带贴面:C1:283010,2400.0,1600.0,2371,4598,True,一层平面图
1,Window,双扇平开 - 带贴面:C2:283819,1800.0,1600.0,2429,4932,True,一层平面图
2,Window,双扇平开 - 带贴面:C2:283888,1800.0,1600.0,2456,4443,True,一层平面图
3,Window,双扇平开 - 带贴面:C2:293776,1800.0,1600.0,2477,5264,True,二层平面图
4,Window,双扇平开 - 带贴面:C2:293806,1800.0,1600.0,2498,5039,True,二层平面图
5,Window,双扇平开 - 带贴面:C3:284031,1200.0,1600.0,2545,4718,True,一层平面图
6,Window,双扇平开 - 带贴面:C3:284100,1200.0,1600.0,2572,4533,True,一层平面图
7,Window,双扇平开 - 带贴面:C3:284144,1200.0,1600.0,2593,,True,一层平面图
8,Window,双扇平开 - 带贴面:C3:284180,1200.0,1600.0,2614,4745,True,一层平面图
9,Window,双扇平开 - 带贴面:C3:284232,1200.0,1600.0,2635,4382,True,一层平面图
10,Window,双扇平开 - 带贴面:C3:293522,1200.0,1600.0,2656,5215,True,二层平面图
11,Window,双扇平开 - 带贴面:C3:293606,1200.0,1600.0,2677,5124,True,二层平面图
12,Window,双扇平开 - 带贴面:C3:293684,1200.0,1600.0,2698,5291,True,二层平面图
13,Window,双扇平开 - 带贴面:C3:293714,1200.0,1600.0,2719,,True,二层平面图
14,Window,双扇平开 - 带贴面:C3:293748,1200.0,1600.0,2740,5350,True,二层平面图
15,Window,凸窗-双层两列:TC1:287480,2399.99999999999,1839.99999999996,2787,4808,True,一层平面图
16,Window,凸窗-双层两列:TC1:293448,2399.99999999999,1839.99999999996,2812,5009,True,二层平面图
17,Window,双扇平开 - 带贴面:C4:293864,1500.0,1600.0,2863,5412,True,二层平面图
