,Object,Name,Width,Height,door_id,space0_id,IsExternal,Floor,space1_id
0,Door,双扇平开玻璃门:M-1:278170,1800.0,2099.99999999998,67,4627,True,一层平面图,
1,Door,单扇平开玻璃门1:M-2:279596,900.0,2100.0,128,4694,False,一层平面图,
2,Door,单扇平开玻璃门1:M-2:280034,900.0,2100.0,153,4399,False,一层平面图,4500
3,Door,单扇平开玻璃门1:M-2:290835,900.0,2100.0,171,5453,False,二层平面图,
4,Door,单扇平开玻璃门1:M-2:291019,900.0,2100.0,190,5248,False,二层平面图,
5,Door,单扇平开玻璃门1:M-2:279742,900.0,2100.0,234,4849,False,一层平面图,
6,Door,单扇平开玻璃门1:M-2:279834,900.0,2100.0,253,4916,False,一层平面图,
7,Door,单扇平开玻璃门1:M-2:279892,900.0,2100.0,272,4476,False,一层平面图,
8,Door,单扇平开玻璃门1:M-2:290815,900.0,2100.0,290,5165,False,二层平面图,
9,Door,单扇平开玻璃门1:M-2:290971,900.0,2100.0,308,4985,False,二层平面图,
10,Door,单扇平开玻璃门1:M-2:291290,900.0,2100.0,327,5072,False,二层平面图,
11,Door,单扇平开玻璃门1:M-3:280118,800.0,2100.0,348,,False,一层平面图,
12,Door,单扇平开玻璃门1:M-3:291368,800.0,2100.0,372,,False,二层平面图,
13,Door,单扇平开玻璃门1:M-3:291679,800.0,2100.0,390,5141,False,二层平面图,
14,Door,单扇平开玻璃门1:M-3:280229,800.0,2100.0,434,4770,False,一层平面图,
15,Door,单扇平开玻璃门1:M-3:291579,800.0,2100.0,454,5316,False,二层平面图,
16,Door,单扇平开玻璃门1:M-3:291617,800.0,2100.0,472,5375,False,二层平面图,
17,Door,滑升门:M-4:281023,2400.0,2100.0,493,4670,True,一层平面图,
18,Door,四扇推拉门 1:M-6:292588,3000.0,2100.0,542,5189,True,二层平面图,
19,Door,双扇推拉门5:M-5:293405,1800.0,2099.99999999998,602,5232,True,二层平面图,
