,Object,Name,column_id,LoadBearing,IsExternal,Floor
0,column,"K152,4/12,5",819,True,False,00 begane grond
1,column,K80/80/4,1107,True,True,00 begane grond
2,column,K80/80/4,1285,True,True,00 begane grond
3,column,K80/80/4,1564,True,True,00 begane grond
4,column,K80/80/4,1737,True,True,00 begane grond
5,column,K80/80/4,2692,True,True,01 eerste verdieping
6,column,K80/80/4,3850,True,True,01 eerste verdieping
7,column,K80/80/4,4287,True,True,01 eerste verdieping
8,column,K80/80/4,4460,True,True,01 eerste verdieping
9,column,HEA180,4778,True,True,01 eerste verdieping
10,column,HEB220,14831,True,True,03 derde verdieping
11,column,HEB220,15162,True,True,03 derde verdieping
12,column,HEB220,15678,True,True,03 derde verdieping
13,column,HEB220,16040,True,True,03 derde verdieping
14,column,HEB220,16583,True,True,03 derde verdieping
