,Object,Name,stair_id,IsExternal,NumberOfRiser,NumberOfTreads,RiserHeight,TreadLength,Floor
0,Stair,Assembled Stair:Stair:300226,30331,False,4.0,3.0,0.175,0.25,Level 1
1,Stair,Assembled Stair:Stair:324387,65344,False,4.0,3.0,0.25,0.28,Level 1
2,Stair,Stair:Insitu_Concrete_150mm_Waist:543085,1075851,False,9.0,9.0,0.166666666666667,0.25,Ground
3,Stair,Stair:Insitu_Concrete_150mm_Waist:545492,1077775,False,24.0,24.0,0.166666666666667,0.25,Level 1
4,Stair,Stair:Insitu_Concrete_150mm_Waist:545492:2,1077791,False,24.0,24.0,0.166666666666667,0.25,Facade start
5,Stair,Stair:Insitu_Concrete_150mm_Waist:545492:3,1077798,False,24.0,24.0,0.166666666666667,0.25,Level 2
6,Stair,Stair:Insitu_Concrete_150mm_Waist:545492:2,1077801,False,24.0,24.0,0.166666666666667,0.25,Facade start
7,Stair,Stair:Insitu_Concrete_150mm_Waist:545492:3,1077803,False,24.0,24.0,0.166666666666667,0.25,Level 2
8,Stair,Stair:Insitu_Concrete_150mm_Waist:548894,1078667,False,9.0,9.0,0.166666666666667,0.25,Ground
9,Stair,Stair:Insitu_Concrete_150mm_Waist:550623,1079183,False,24.0,24.0,0.145833333333333,0.25,Level 1
10,Stair,Stair:Insitu_Concrete_150mm_Waist:550623:2,1079194,False,24.0,24.0,0.145833333333333,0.25,Facade start
11,Stair,Stair:Insitu_Concrete_150mm_Waist:550623:2,1079197,False,24.0,24.0,0.145833333333333,0.25,Facade start
12,Stair,Stair:Insitu_Concrete_150mm_Waist:552260,1079671,False,24.0,24.0,0.145833333333333,0.25,Level 1
13,Stair,Stair:Insitu_Concrete_150mm_Waist:552260:2,1079682,False,24.0,24.0,0.145833333333333,0.25,Facade start
14,Stair,Stair:Insitu_Concrete_150mm_Waist:552260:2,1079685,False,24.0,24.0,0.145833333333333,0.25,Facade start
15,Stair,Stair:Insitu_Concrete_150mm_Waist:552535,1080158,False,24.0,24.0,0.145833333333333,0.25,Level 1
16,Stair,Stair:Insitu_Concrete_150mm_Waist:552535:2,1080169,False,24.0,24.0,0.145833333333333,0.25,Facade start
17,Stair,Stair:Insitu_Concrete_150mm_Waist:552535:2,1080172,False,24.0,24.0,0.145833333333333,0.25,Facade start
18,Stair,Stair:Insitu_Concrete_150mm_Waist:552810,1102751,False,13.0,13.0,0.166666666666667,0.25,Ground
19,Stair,Stair:Insitu_Concrete_150mm_Waist:552810:2,1102767,False,13.0,13.0,0.166666666666667,0.25,Level 1
20,Stair,Stair:Insitu_Concrete_150mm_Waist:552810:3,1102774,False,13.0,13.0,0.166666666666667,0.25,Level 2
21,Stair,Stair:Insitu_Concrete_150mm_Waist:552810:2,1102777,False,13.0,13.0,0.166666666666667,0.25,Level 1
22,Stair,Stair:Insitu_Concrete_150mm_Waist:552810:3,1102779,False,13.0,13.0,0.166666666666667,0.25,Level 2
23,Stair,Stair:Insitu_Concrete_150mm_Waist:554621,1157881,False,13.0,13.0,0.166666666666667,0.25,Ground
24,Stair,Stair:Insitu_Concrete_150mm_Waist:554621:2,1157897,False,13.0,13.0,0.166666666666667,0.25,Level 1
25,Stair,Stair:Insitu_Concrete_150mm_Waist:554621:3,1157904,False,13.0,13.0,0.166666666666667,0.25,Level 2
26,Stair,Stair:Insitu_Concrete_150mm_Waist:554621:2,1157907,False,13.0,13.0,0.166666666666667,0.25,Level 1
27,Stair,Stair:Insitu_Concrete_150mm_Waist:554621:3,1157909,False,13.0,13.0,0.166666666666667,0.25,Level 2
28,Stair,Stair:Insitu_Concrete_150mm_Waist:554830,1180503,False,13.0,13.0,0.166666666666667,0.25,Ground
29,Stair,Stair:Insitu_Concrete_150mm_Waist:554830:2,1180519,False,13.0,13.0,0.166666666666667,0.25,Level 1
30,Stair,Stair:Insitu_Concrete_150mm_Waist:554830:3,1180526,False,13.0,13.0,0.166666666666667,0.25,Level 2
31,Stair,Stair:Insitu_Concrete_150mm_Waist:554830:2,1180529,False,13.0,13.0,0.166666666666667,0.25,Level 1
32,Stair,Stair:Insitu_Concrete_150mm_Waist:554830:3,1180531,False,13.0,13.0,0.166666666666667,0.25,Level 2
