,Object,Name,stair_id,IsExternal,NumberOfRiser,NumberOfTreads,RiserHeight,TreadLength,Floor
0,Stair,Assembled Stair:Stair:206536,26641,False,6.0,5.0,0.166666666666667,0.25,earth
1,Stair,Assembled Stair:Stair:207309,27115,False,6.0,5.0,0.166666666666667,0.25,earth
2,Stair,Assembled Stair:Stair:244183,85409,False,14.0,12.0,0.178571428571429,0.25,Level -2
3,Stair,Assembled Stair:Stair:244735,86557,False,14.0,12.0,0.178571428571429,0.3,Level -2
4,Stair,Assembled Stair:Stair:253639,91617,False,19.0,17.0,0.184210526315794,0.25,Level -1
5,Stair,Assembled Stair:Stair:255040,92580,False,19.0,17.0,0.184210526315794,0.25,Level -1
6,Stair,Assembled Stair:Stair:256871,96123,False,24.0,23.0,0.187499999999996,0.3,Level 1
7,Stair,Assembled Stair:Stair:257241,96624,False,24.0,23.0,0.187499999999996,0.3,Level 1
8,Stair,Assembled Stair:Stair:260037,101730,False,24.0,23.0,0.187499999999996,0.3,Level 1
9,Stair,Assembled Stair:Stair:260090,102231,False,24.0,23.0,0.187499999999996,0.3,Level 1
10,Stair,Assembled Stair:Stair:260145,102732,False,24.0,23.0,0.187499999999996,0.3,Level 2
11,Stair,Assembled Stair:Stair:260198,103233,False,24.0,23.0,0.187499999999996,0.3,Level 2
12,Stair,Assembled Stair:Stair:260285,103734,False,24.0,23.0,0.187499999999996,0.3,Level 3
13,Stair,Assembled Stair:Stair:260338,104235,False,24.0,23.0,0.187499999999996,0.3,Level 3
14,Stair,Assembled Stair:Stair:260425,104736,False,24.0,23.0,0.187499999999996,0.3,Level 4
15,Stair,Assembled Stair:Stair:260478,105237,False,24.0,23.0,0.187499999999996,0.3,Level 4
16,Stair,Assembled Stair:Stair:262175,108414,False,24.0,23.0,0.187499999999996,0.3,Level 5
17,Stair,Assembled Stair:Stair:262212,108915,False,24.0,23.0,0.187499999999996,0.3,Level 5
18,Stair,Assembled Stair:Stair:265530,118070,False,24.0,22.0,0.187499999999996,0.25,Level 1
19,Stair,Assembled Stair:Stair:266236,119107,False,24.0,22.0,0.187499999999996,0.25,Level 2
20,Stair,Assembled Stair:Stair:266378,120144,False,24.0,22.0,0.187499999999996,0.25,Level 3
21,Stair,Assembled Stair:Stair:266521,121181,False,24.0,22.0,0.187499999999996,0.25,Level 4
22,Stair,Assembled Stair:Stair:266663,122218,False,24.0,22.0,0.187499999999996,0.25,Level 5
23,Stair,Assembled Stair:Stair:266804,123255,False,24.0,22.0,0.187499999999996,0.25,Level 6
24,Stair,Assembled Stair:Stair:267064,124292,False,24.0,22.0,0.187499999999996,0.25,Level 1
25,Stair,Assembled Stair:Stair:267725,125333,False,24.0,22.0,0.187499999999996,0.25,Level 2
26,Stair,Assembled Stair:Stair:267867,126374,False,24.0,22.0,0.187499999999996,0.25,Level 3
