,Object,Name,column_id,LoadBearing,IsExternal,Floor
0,column,M_HP-Bearing Pile-Column:HP200X53:314666,361,True,False,Level 1
1,column,M_HP-Bearing Pile-Column:HP200X53:315016,410,True,False,Level 1
2,column,M_HP-Bearing Pile-Column:HP200X53:315029,429,True,False,Level 1
3,column,M_HP-Bearing Pile-Column:HP200X53:315070,448,True,False,Level 1
4,column,M_HP-Bearing Pile-Column:HP200X53:315101,617,True,False,Level 1
5,column,M_HP-Bearing Pile-Column:HP200X53:315199,636,True,False,Level 1
6,column,M_HP-Bearing Pile-Column:HP200X53:315212,655,True,False,Level 1
7,column,M_HP-Bearing Pile-Column:HP200X53:315225,674,True,False,Level 1
8,column,M_HP-Bearing Pile-Column:HP200X53:315259,693,True,False,Level 1
9,column,M_HP-Bearing Pile-Column:HP200X53:315261,712,True,False,Level 1
10,column,M_HP-Bearing Pile-Column:HP200X53:315263,731,True,False,Level 1
11,column,M_HP-Bearing Pile-Column:HP200X53:315265,750,True,False,Level 1
