,Object,Name,stair_id,IsExternal,NumberOfRiser,NumberOfTreads,RiserHeight,TreadLength,Floor
0,Stair,楼梯:整体浇筑楼梯:551548,170011,False,16.0,15.0,175.0,260.0,1F
1,Stair,楼梯:整体浇筑楼梯:551548,170013,False,16.0,15.0,175.0,260.0,2F
2,Stair,楼梯:整体浇筑楼梯:551548,170015,False,16.0,15.0,175.0,260.0,3F
3,Stair,楼梯:整体浇筑楼梯:551548,170017,False,16.0,15.0,175.0,260.0,4F
4,Stair,楼梯:整体浇筑楼梯:551548,170019,False,16.0,15.0,175.0,260.0,5F
5,Stair,楼梯:整体浇筑楼梯:551548,170021,False,16.0,15.0,175.0,260.0,6F
6,Stair,楼梯:整体浇筑楼梯:551548,170023,False,16.0,15.0,175.0,260.0,7F
7,Stair,楼梯:整体浇筑楼梯:551548,170025,False,16.0,15.0,175.0,260.0,8F
8,Stair,楼梯:整体浇筑楼梯:551548,170027,False,16.0,15.0,175.0,260.0,9F
9,Stair,楼梯:整体浇筑楼梯:551548,170029,False,16.0,15.0,175.0,260.0,10F
10,Stair,楼梯:整体浇筑楼梯:551548,170031,False,16.0,15.0,175.0,260.0,11F
