,Object,Name,Width,Height,door_id,IsExternal,Floor
0,Door,Porta_Patio senza vuoti:Porta Patio:1425085,1.4,2.48499999999998,343111,False,02_Planta Principal
1,Door,Porta_Salon de grados:Porta Salon de grados:1425332,1.9,2.75999999999804,343440,False,02_Planta Principal
2,Door,Porta_Salon de grados:Porta Salon de grados:1425605,1.9,2.75999999999804,343462,False,02_Planta Principal
3,Door,Porta_Patio senza vuoti:Porta Patio_Tipo 2:1431652,1.6,2.48499999999998,343747,False,02_Planta Principal
4,Door,Porta_Patio:Porta Patio:1431909,1.6,2.48499999999998,344122,False,02_Planta Principal
5,Door,Porta Biblioteca_Chiesa:Porta Biblioteca_Chiesa:1797102,1.33,3.28999999999803,504498,False,Nivel
