,Object,Name,Width,Height,window_id,IsExternal,Floor
0,Window,Finestra_Rettangolare:Finestra patii 2:1192115,1.79000000000001,3.60999999999999,342010,True,00_Planta Baja
1,Window,Finestra_Rettangolare:Finestra patii 2:1192699,1.79000000000001,3.60999999999999,342086,True,00_Planta Baja
2,Window,Finestra_Rettangolare:Finestra patii 2:1192753,1.79000000000001,3.60999999999999,342109,True,00_Planta Baja
3,Window,Finestra_Rettangolare:Finestra patii 2_2:1192794,1.85000000000001,3.80999999999999,342183,True,00_Planta Baja
4,Window,Finestra patii 3:Finestra patii 3:1194263,2.09000000000001,3.25,342262,True,00_Planta Baja
5,Window,Finestra patii 3:Finestra patii 3_2:1195444,1.95000000000001,3.25,342323,True,00_Planta Baja
6,Window,Finestra patii 3:Finestra patii 3_3:1195757,1.9,3.25,342384,True,00_Planta Baja
7,Window,Finestra patii 3:Finestra patii 3_3:1195993,1.9,3.25,342406,True,00_Planta Baja
8,Window,Finestra patii 3:Finestra patii 3_4:1196038,1.3,3.25,342465,True,00_Planta Baja
9,Window,Finestra_Rettangolare:Finestra patii 2_3:1196268,1.57,3.60999999999999,342539,True,00_Planta Baja
10,Window,Finestra_Rettangolare:Finestra patii 2_3:1196930,1.57,3.60999999999999,342563,True,00_Planta Baja
11,Window,Finestra_Rettangolare:Finestra patii 2_3:1196985,1.57,3.60999999999999,342585,True,00_Planta Baja
12,Window,Finestra_Rettangolare:Finestra patii_Planta Principal:1401333,1.9,2.219,342659,True,02_Planta Principal
13,Window,Finestra_Rettangolare:Finestra patii_Planta Principal:1401725,1.9,2.219,342683,True,02_Planta Principal
14,Window,Finestra_Rettangolare:Finestra patii_Planta Principal:1401756,1.9,2.219,342705,True,02_Planta Principal
15,Window,Finestra_Rettangolare:Finestra patii_Planta Principal:1401837,1.9,2.219,342727,True,02_Planta Principal
16,Window,Finestra_Rettangolare:Finestra patii_Planta Principal:1401878,1.9,2.219,342749,True,02_Planta Principal
17,Window,Finestra_Rettangolare:Finestra patii_Planta Principal:1401929,1.9,2.219,342823,True,02_Planta Principal
