,Object,Name,furniture_id,Space,Space_LongName
0,furniture,wardrobe1:wardrobe:506168,76389,Level 2,Level 2
1,furniture,wardrobe2:wardrobe:523531,77130,Level 2,Level 2
2,furniture,4500_Kitchen Island_DW:4500_Kitchen Island_DW:690080,137261,Level 1,Level 1
3,furniture,4500_Kitchen Island:4500_Kitchen Island:690286,137718,Level 1,Level 1
4,furniture,hood enclosure:hood enclosure:697577,144872,Level 1,Level 1
5,furniture,Seating - Artemis - Lounge chair:Seating - Artemis - Lounge chair:735739,214442,Level 1 Living Rm.,Level 1 Living Rm.
6,furniture,Seating - Artemis - Lounge chair:Seating - Artemis - Lounge chair:736435,215648,Level 1 Living Rm.,Level 1 Living Rm.
7,furniture,Seat - Single with Island:Model with Island:981963,552747,Level 1 Living Rm.,Level 1 Living Rm.
8,furniture,Sofa - Ottoman:W600XD600:982762,553601,Level 1 Living Rm.,Level 1 Living Rm.
9,furniture,Sofa - Ottoman:W600XD600 2:983030,554446,Level 1 Living Rm.,Level 1 Living Rm.
10,furniture,Sofa - Ottoman:W600XD600:983156,554508,Level 1 Living Rm.,Level 1 Living Rm.
11,furniture,Sofa - Ottoman:W600XD600:983164,554547,Level 1 Living Rm.,Level 1 Living Rm.
12,furniture,Sofa - Ottoman:W600XD600:983236,554586,Level 1 Living Rm.,Level 1 Living Rm.
13,furniture,Sofa - Ottoman:W600XD600 2:983306,554625,Level 1 Living Rm.,Level 1 Living Rm.
14,furniture,Sofa - Ottoman:W600XD600:983388,554664,Level 1 Living Rm.,Level 1 Living Rm.
15,furniture,Cabinet 1:W1500XD400XH530:984486,556150,Level 1 Living Rm.,Level 1 Living Rm.
16,furniture,M_TV - Flat Screen:0810mm:985756,557279,Level 1 Living Rm.,Level 1 Living Rm.
17,furniture,Side Table 2 (2):Side Table 2 (2):987054,580010,Level 1 Living Rm.,Level 1 Living Rm.
18,furniture,Side Table 2 (2):Side Table 2 (2):987167,580077,Level 1 Living Rm.,Level 1 Living Rm.
19,furniture,Bar Chair:Bar Chair:988128,588786,Level 1,Level 1
