,Object,Name,Width,Height,window_id,IsExternal,Floor
0,Window,Single Window:Standard:457479,1500.0,2699.99999999999,69526,True,Level 2
1,Window,Single Window:Standard:457534,1500.0,2699.99999999999,69630,True,Level 2
2,Window,Single Window:Standard:457542,1500.0,2699.99999999999,69694,True,Level 2
3,Window,Single Window:Standard:485432,1500.0,2699.99999999999,70194,True,Level 2
4,Window,M_Skylight:1180 x 1170mm:488881,1172.53768296659,379.800000000001,70898,True,Roof Line
5,Window,M_Skylight:1180 x 1170mm:489062,1172.53768296659,379.800000000001,70990,True,Roof Line
6,Window,Single Window:Standard:498006,1500.0,2699.99999999999,73236,True,Level 2
7,Window,Single Window:Standard:554383,1500.0,2699.99999999999,105358,True,Level 2
8,Window,Single Window:Standard:706288,1500.0,2699.99999999999,225249,True,Level 2
9,Window,Single Window:Standard:735853,1500.0,2699.99999999999,243099,True,Level 1 Living Rm.
10,Window,Single Window:Standard:736152,1500.0,2699.99999999999,243601,True,Level 1 Living Rm.
11,Window,Single Window:Standard:736223,1500.0,2699.99999999999,243665,True,Level 1 Living Rm.
12,Window,Single Window:Standard:736330,1500.0,2699.99999999999,243728,True,Level 1 Living Rm.
13,Window,Single Window:Standard:744522,1500.0,2699.99999999999,244268,True,Level 1 Living Rm.
14,Window,Single Window:Standard:744523,1500.0,2699.99999999999,244332,True,Level 1 Living Rm.
15,Window,Single Window:Standard:744524,1500.0,2699.99999999999,244395,True,Level 1 Living Rm.
16,Window,Single Window:Standard:744525,1500.0,2699.99999999999,244458,True,Level 1 Living Rm.
