,Object,Name,Width,Height,window_id,IsExternal,Floor
0,Window,Single Window:Standard:457479,1500.0,2699.99999999999,46434,True,Level 2
1,Window,Single Window:Standard:457534,1500.0,2699.99999999999,46538,True,Level 2
2,Window,Single Window:Standard:457542,1500.0,2699.99999999999,46602,True,Level 2
3,Window,Single Window:Standard:485432,1500.0,2699.99999999999,47102,True,Level 2
4,Window,M_Skylight:1180 x 1170mm:488881,1172.53768296659,379.800000000001,47806,True,Roof Line
5,Window,M_Skylight:1180 x 1170mm:489062,1172.53768296659,379.800000000001,47899,True,Roof Line
6,Window,Single Window:Standard:498006,1500.0,2699.99999999999,48195,True,Level 2
7,Window,Single Window:Standard:554383,1500.0,2699.99999999999,77409,True,Level 2
8,Window,Single Window:Standard:706288,1500.0,2699.99999999999,197078,True,Level 2
9,Window,Single Window:Standard:735853,1500.0,2699.99999999999,214952,True,Level 1 Living Rm.
10,Window,Single Window:Standard:736152,1500.0,2699.99999999999,215455,True,Level 1 Living Rm.
11,Window,Single Window:Standard:736223,1500.0,2699.99999999999,215519,True,Level 1 Living Rm.
12,Window,Single Window:Standard:736330,1500.0,2699.99999999999,215582,True,Level 1 Living Rm.
13,Window,Single Window:Standard:744522,1500.0,2699.99999999999,216122,True,Level 1 Living Rm.
14,Window,Single Window:Standard:744523,1500.0,2699.99999999999,216186,True,Level 1 Living Rm.
15,Window,Single Window:Standard:744524,1500.0,2699.99999999999,216249,True,Level 1 Living Rm.
16,Window,Single Window:Standard:744525,1500.0,2699.99999999999,216312,True,Level 1 Living Rm.
