,Object,Name,Width,Height,door_id,IsExternal,Floor
0,Door,Single-Flush:800 x 2100:422466,799.999999999999,2100.0,62115,True,Level 1
1,Door,Entrance door:Entrance door:423107,1440.0,2660.0,62521,True,Level 1
2,Door,Single-Flush:800 x 2100:425292,799.999999999999,2100.0,63696,False,Level 1
3,Door,Curtain Wall Dbl Glass:Curtain Wall Dbl Glass:485452,1440.0,2081.85530434783,64692,True,Level 2
4,Door,Single-Flush:800 x 2100:430997,800.0,2100.0,68731,False,Level 2
5,Door,Single-Flush:800 x 2100:431064,800.0,2100.0,68907,False,Level 2
6,Door,Single-Flush:800 x 2100:431144,800.0,2100.0,68964,False,Level 2
7,Door,Single-Flush:800 x 2100:431198,800.0,2100.0,69021,False,Level 2
8,Door,Single-Flush:800 x 2100:485679,800.0,2100.0,70262,False,Level 2
9,Door,Pocket_Slider_Door_5851:2.027 x 0.945:505974,1890.00000000002,2027.0,101303,False,Level 2
10,Door,Curtain Wall Dbl Glass:Curtain Wall Dbl Glass:704276,1440.0,2081.85530434783,223531,True,Level 1 Living Rm.
11,Door,Curtain Wall Dbl Glass:Curtain Wall Dbl Glass:704286,1440.0,2081.85530434783,223665,True,Level 1 Living Rm.
12,Door,Entrance door:Entrance door:709246,1440.0,2660.0,226593,True,Level 2
13,Door,M_Double-Flush:1730 x 2134mm:906937,1730.0,2134.0,772018,True,Level 1
14,Door,Pocket_Slider_Door_5851:2.027 x 0.945:939962,1890.00000000002,2027.0,779477,False,Level 2
15,Door,Pocket_Slider_Door_5851:2.027 x 0.945:940221,1890.00000000002,2027.0,779534,False,Level 2
