,Object,Name,furniture_id,Space,Space_LongName
0,furniture,wardrobe1:wardrobe:506168,101430,Level 2,Level 2
1,furniture,wardrobe2:wardrobe:523531,105080,Level 2,Level 2
2,furniture,4500_Kitchen Island_DW:4500_Kitchen Island_DW:690080,165433,Level 1,Level 1
3,furniture,4500_Kitchen Island:4500_Kitchen Island:690286,165890,Level 1,Level 1
4,furniture,hood enclosure:hood enclosure:697577,173044,Level 1,Level 1
5,furniture,Seating - Artemis - Lounge chair:Seating - Artemis - Lounge chair:735739,242588,Level 1 Living Rm.,Level 1 Living Rm.
6,furniture,Seating - Artemis - Lounge chair:Seating - Artemis - Lounge chair:736435,243794,Level 1 Living Rm.,Level 1 Living Rm.
7,furniture,Seat - Single with Island:Model with Island:981963,850827,Level 1 Living Rm.,Level 1 Living Rm.
8,furniture,Sofa - Ottoman:W600XD600:982762,851681,Level 1 Living Rm.,Level 1 Living Rm.
9,furniture,Sofa - Ottoman:W600XD600 2:983030,852526,Level 1 Living Rm.,Level 1 Living Rm.
10,furniture,Sofa - Ottoman:W600XD600:983156,852588,Level 1 Living Rm.,Level 1 Living Rm.
11,furniture,Sofa - Ottoman:W600XD600:983164,852627,Level 1 Living Rm.,Level 1 Living Rm.
12,furniture,Sofa - Ottoman:W600XD600:983236,852666,Level 1 Living Rm.,Level 1 Living Rm.
13,furniture,Sofa - Ottoman:W600XD600 2:983306,852705,Level 1 Living Rm.,Level 1 Living Rm.
14,furniture,Sofa - Ottoman:W600XD600:983388,852744,Level 1 Living Rm.,Level 1 Living Rm.
15,furniture,Cabinet 1:W1500XD400XH530:984486,854230,Level 1 Living Rm.,Level 1 Living Rm.
16,furniture,M_TV - Flat Screen:0810mm:985756,855359,Level 1 Living Rm.,Level 1 Living Rm.
17,furniture,Side Table 2 (2):Side Table 2 (2):987054,878090,Level 1 Living Rm.,Level 1 Living Rm.
18,furniture,Side Table 2 (2):Side Table 2 (2):987167,878157,Level 1 Living Rm.,Level 1 Living Rm.
19,furniture,Bar Chair:Bar Chair:988128,886866,Level 1,Level 1
