,Object,Name,Global Id,Width,Height,Reference,IsExternal,FireRating,id,Elevation,Floor
0,Door,M_Single-Flush:0915 x 2134mm:0915 x 2134mm:400186,28eYYwGUP7OhCGGbKLuBba,914.9999999999999,2134.0,M_Single-Flush:0915 x 2134mm,True,,1747383,0.0,First Floor
1,Door,M_Single-Flush:0915 x 2134mm:0915 x 2134mm:400187,28eYYwGUP7OhCGGbKLuBbb,914.9999999999999,2134.0,M_Single-Flush:0915 x 2134mm,True,,1747511,0.0,First Floor
2,Door,M_Single-Flush:0915 x 2134mm:0915 x 2134mm:400188,28eYYwGUP7OhCGGbKLuBbY,914.9999999999999,2134.0,M_Single-Flush:0915 x 2134mm,True,,1747556,0.0,First Floor
3,Door,M_Single-Flush:0915 x 2134mm:0915 x 2134mm:400189,28eYYwGUP7OhCGGbKLuBbZ,914.9999999999999,2134.0,M_Single-Flush:0915 x 2134mm,True,,1747601,0.0,First Floor
4,Door,M_Single-Flush:0915 x 2134mm:0915 x 2134mm:400190,28eYYwGUP7OhCGGbKLuBbW,914.9999999999999,2134.0,M_Single-Flush:0915 x 2134mm,True,,1747709,0.0,First Floor
5,Door,M_Single-Flush:0915 x 2134mm:0915 x 2134mm:400191,28eYYwGUP7OhCGGbKLuBbX,914.9999999999999,2134.0,M_Single-Flush:0915 x 2134mm,True,,1747754,0.0,First Floor
6,Door,M_Single-Flush:0915 x 2134mm:0915 x 2134mm:400192,28eYYwGUP7OhCGGbKLuBaU,914.9999999999999,2134.0,M_Single-Flush:0915 x 2134mm,True,,1747799,0.0,First Floor
7,Door,M_Single-Flush:0915 x 2134mm:0915 x 2134mm:400193,28eYYwGUP7OhCGGbKLuBaV,914.9999999999999,2134.0,M_Single-Flush:0915 x 2134mm,True,,1747844,0.0,First Floor
8,Door,M_Single-Flush:0915 x 2134mm:0915 x 2134mm:400194,28eYYwGUP7OhCGGbKLuBaS,914.9999999999999,2134.0,M_Single-Flush:0915 x 2134mm,True,,1747952,0.0,First Floor
9,Door,M_Single-Flush:0915 x 2134mm:0915 x 2134mm:400195,28eYYwGUP7OhCGGbKLuBaT,914.9999999999999,2134.0,M_Single-Flush:0915 x 2134mm,True,,1747997,0.0,First Floor
10,Door,M_Single-Flush:0915 x 2134mm:0915 x 2134mm:400196,28eYYwGUP7OhCGGbKLuBaQ,914.9999999999999,2134.0,M_Single-Flush:0915 x 2134mm,True,,1748042,0.0,First Floor
11,Door,M_Single-Flush:0915 x 2134mm:0915 x 2134mm:400197,28eYYwGUP7OhCGGbKLuBaR,914.9999999999999,2134.0,M_Single-Flush:0915 x 2134mm,True,,1748087,0.0,First Floor
12,Door,M_Single-Flush:0915 x 2134mm:0915 x 2134mm:400198,28eYYwGUP7OhCGGbKLuBaO,914.9999999999999,2134.0,M_Single-Flush:0915 x 2134mm,True,,1748132,0.0,First Floor
13,Door,M_Single-Flush:0915 x 2134mm:0915 x 2134mm:400199,28eYYwGUP7OhCGGbKLuBaP,914.9999999999999,2134.0,M_Single-Flush:0915 x 2134mm,True,,1748177,0.0,First Floor
14,Door,M_Single-Flush:0915 x 2134mm:0915 x 2134mm:400200,28eYYwGUP7OhCGGbKLuBaM,914.9999999999999,2134.0,M_Single-Flush:0915 x 2134mm,True,,1748222,0.0,First Floor
15,Door,M_Single-Flush:0915 x 2134mm:0915 x 2134mm:400201,28eYYwGUP7OhCGGbKLuBaN,914.9999999999999,2134.0,M_Single-Flush:0915 x 2134mm,True,,1748267,0.0,First Floor
16,Door,M_Single-Flush:0915 x 2134mm:0915 x 2134mm:400202,28eYYwGUP7OhCGGbKLuBaK,914.9999999999999,2134.0,M_Single-Flush:0915 x 2134mm,True,,1748312,0.0,First Floor
17,Door,M_Single-Flush:0915 x 2134mm:0915 x 2134mm:400203,28eYYwGUP7OhCGGbKLuBaL,914.9999999999999,2134.0,M_Single-Flush:0915 x 2134mm,True,,1748357,0.0,First Floor
18,Door,M_Single-Flush:0915 x 2134mm:0915 x 2134mm:400204,28eYYwGUP7OhCGGbKLuBaI,914.9999999999999,2134.0,M_Single-Flush:0915 x 2134mm,True,,1748402,0.0,First Floor
19,Door,M_Single-Flush:0915 x 2134mm:0915 x 2134mm:400205,28eYYwGUP7OhCGGbKLuBaJ,914.9999999999999,2134.0,M_Single-Flush:0915 x 2134mm,True,,1748447,0.0,First Floor
20,Door,M_Single-Flush:0915 x 2134mm:0915 x 2134mm:400206,28eYYwGUP7OhCGGbKLuBaG,914.9999999999999,2134.0,M_Single-Flush:0915 x 2134mm,True,,1748492,0.0,First Floor
21,Door,M_Single-Flush:0915 x 2134mm:0915 x 2134mm:400207,28eYYwGUP7OhCGGbKLuBaH,915.0000000000085,2134.0,M_Single-Flush:0915 x 2134mm,True,,1748537,0.0,First Floor
22,Door,M_Single-Flush:0915 x 2134mm:0915 x 2134mm:400208,28eYYwGUP7OhCGGbKLuBaE,914.9999999999999,2134.0,M_Single-Flush:0915 x 2134mm,True,,1748582,0.0,First Floor
23,Door,M_Single-Flush:0915 x 2134mm:0915 x 2134mm:400209,28eYYwGUP7OhCGGbKLuBaF,914.9999999999999,2134.0,M_Single-Flush:0915 x 2134mm,True,,1748627,0.0,First Floor
24,Door,M_Single-Flush:0915 x 2134mm:0915 x 2134mm:400210,28eYYwGUP7OhCGGbKLuBaC,914.9999999999999,2134.0,M_Single-Flush:0915 x 2134mm,True,,1748672,0.0,First Floor
25,Door,M_Single-Flush:0915 x 2134mm:0915 x 2134mm:400211,28eYYwGUP7OhCGGbKLuBaD,914.9999999999999,2134.0,M_Single-Flush:0915 x 2134mm,True,,1748717,0.0,First Floor
26,Door,M_Single-Flush:1065 x 2134mm 2:1065 x 2134mm 2:400212,28eYYwGUP7OhCGGbKLuBaA,915.0000000000085,2134.0,M_Single-Flush:1065 x 2134mm 2,True,,1748825,0.0,First Floor
27,Door,M_Single-Flush:0915 x 2134mm:0915 x 2134mm:400213,28eYYwGUP7OhCGGbKLuBaB,914.9999999999999,2134.0,M_Single-Flush:0915 x 2134mm,True,,1748887,0.0,First Floor
28,Door,M_Single-Flush:0915 x 2134mm:0915 x 2134mm:400214,28eYYwGUP7OhCGGbKLuBa8,914.9999999999999,2134.0,M_Single-Flush:0915 x 2134mm,True,,1748932,0.0,First Floor
29,Door,M_Single-Flush:0915 x 2134mm:0915 x 2134mm:400215,28eYYwGUP7OhCGGbKLuBa9,914.9999999999999,2134.0,M_Single-Flush:0915 x 2134mm,True,,1748977,0.0,First Floor
30,Door,M_Single-Flush:0915 x 2134mm:0915 x 2134mm:400216,28eYYwGUP7OhCGGbKLuBa6,914.9999999999999,2134.0,M_Single-Flush:0915 x 2134mm,True,,1749022,0.0,First Floor
31,Door,M_Single-Flush:0915 x 2134mm:0915 x 2134mm:400217,28eYYwGUP7OhCGGbKLuBa7,914.9999999999999,2134.0,M_Single-Flush:0915 x 2134mm,True,,1749067,0.0,First Floor
32,Door,M_Single-Flush:0915 x 2134mm:0915 x 2134mm:400218,28eYYwGUP7OhCGGbKLuBa4,914.9999999999999,2134.0,M_Single-Flush:0915 x 2134mm,True,,1749112,0.0,First Floor
33,Door,M_Single-Flush:0915 x 2134mm:0915 x 2134mm:400219,28eYYwGUP7OhCGGbKLuBa5,914.9999999999999,2134.0,M_Single-Flush:0915 x 2134mm,True,,1749157,0.0,First Floor
34,Door,M_Single-Flush:0915 x 2134mm:0915 x 2134mm:400220,28eYYwGUP7OhCGGbKLuBa2,914.9999999999999,2134.0,M_Single-Flush:0915 x 2134mm,True,,1749202,0.0,First Floor
35,Door,M_Single-Flush:0915 x 2134mm:0915 x 2134mm:400221,28eYYwGUP7OhCGGbKLuBa3,914.9999999999999,2134.0,M_Single-Flush:0915 x 2134mm,True,,1749247,0.0,First Floor
36,Door,M_Single-Flush:0915 x 2134mm:0915 x 2134mm:400222,28eYYwGUP7OhCGGbKLuBa0,914.9999999999999,2134.0,M_Single-Flush:0915 x 2134mm,True,,1749292,0.0,First Floor
37,Door,M_Single-Flush:0915 x 2134mm:0915 x 2134mm:400223,28eYYwGUP7OhCGGbKLuBa1,914.9999999999999,2134.0,M_Single-Flush:0915 x 2134mm,True,,1749337,0.0,First Floor
38,Door,M_Single-Flush:0915 x 2134mm:0915 x 2134mm:400224,28eYYwGUP7OhCGGbKLuBa_,914.9999999999999,2134.0,M_Single-Flush:0915 x 2134mm,True,,1749382,0.0,First Floor
39,Door,M_Single-Flush:0915 x 2134mm:0915 x 2134mm:400225,28eYYwGUP7OhCGGbKLuBa$,914.9999999999999,2134.0,M_Single-Flush:0915 x 2134mm,True,,1749427,0.0,First Floor
40,Door,M_Single-Flush:0915 x 2134mm:0915 x 2134mm:400226,28eYYwGUP7OhCGGbKLuBay,914.9999999999999,2134.0,M_Single-Flush:0915 x 2134mm,True,,1749472,0.0,First Floor
41,Door,M_Single-Flush:0915 x 2134mm:0915 x 2134mm:400227,28eYYwGUP7OhCGGbKLuBaz,914.9999999999999,2134.0,M_Single-Flush:0915 x 2134mm,True,,1749517,0.0,First Floor
42,Door,M_Single-Flush:0915 x 2134mm:0915 x 2134mm:400228,28eYYwGUP7OhCGGbKLuBaw,914.9999999999999,2134.0,M_Single-Flush:0915 x 2134mm,True,,1749562,0.0,First Floor
43,Door,M_Single-Flush:0915 x 2134mm:0915 x 2134mm:400229,28eYYwGUP7OhCGGbKLuBax,914.9999999999999,2134.0,M_Single-Flush:0915 x 2134mm,True,,1749607,0.0,First Floor
44,Door,M_Single-Flush:0915 x 2134mm:0915 x 2134mm:400230,28eYYwGUP7OhCGGbKLuBau,914.9999999999999,2134.0,M_Single-Flush:0915 x 2134mm,True,,1749652,0.0,First Floor
45,Door,M_Single-Flush:0915 x 2134mm:0915 x 2134mm:400231,28eYYwGUP7OhCGGbKLuBav,914.9999999999999,2134.0,M_Single-Flush:0915 x 2134mm,True,,1749697,0.0,First Floor
46,Door,M_Single-Flush:0915 x 2134mm:0915 x 2134mm:400232,28eYYwGUP7OhCGGbKLuBas,914.9999999999999,2134.0,M_Single-Flush:0915 x 2134mm,True,,1749742,0.0,First Floor
47,Door,M_Single-Flush:0915 x 2134mm:0915 x 2134mm:400233,28eYYwGUP7OhCGGbKLuBat,914.9999999999999,2134.0,M_Single-Flush:0915 x 2134mm,True,,1749787,0.0,First Floor
48,Door,M_Single-Flush:0915 x 2134mm:0915 x 2134mm:400234,28eYYwGUP7OhCGGbKLuBaq,914.9999999999999,2134.0,M_Single-Flush:0915 x 2134mm,True,,1749832,0.0,First Floor
49,Door,M_Single-Flush:0915 x 2134mm:0915 x 2134mm:400235,28eYYwGUP7OhCGGbKLuBar,914.9999999999999,2134.0,M_Single-Flush:0915 x 2134mm,True,,1749877,0.0,First Floor
50,Door,M_Single-Flush:0915 x 2134mm:0915 x 2134mm:400236,28eYYwGUP7OhCGGbKLuBao,914.9999999999999,2134.0,M_Single-Flush:0915 x 2134mm,True,,1749922,0.0,First Floor
51,Door,M_Single-Flush:0915 x 2134mm:0915 x 2134mm:400237,28eYYwGUP7OhCGGbKLuBap,914.9999999999999,2134.0,M_Single-Flush:0915 x 2134mm,True,,1749967,0.0,First Floor
52,Door,M_Single-Flush:0915 x 2134mm:0915 x 2134mm:400238,28eYYwGUP7OhCGGbKLuBam,914.9999999999999,2134.0,M_Single-Flush:0915 x 2134mm,True,,1750012,0.0,First Floor
53,Door,M_Single-Flush:0915 x 2134mm:0915 x 2134mm:400239,28eYYwGUP7OhCGGbKLuBan,914.9999999999999,2134.0,M_Single-Flush:0915 x 2134mm,True,,1750057,0.0,First Floor
54,Door,M_Single-Flush:0915 x 2134mm:0915 x 2134mm:400240,28eYYwGUP7OhCGGbKLuBak,914.9999999999999,2134.0,M_Single-Flush:0915 x 2134mm,True,,1750102,0.0,First Floor
55,Door,M_Single-Flush:0915 x 2134mm:0915 x 2134mm:400241,28eYYwGUP7OhCGGbKLuBal,914.9999999999999,2134.0,M_Single-Flush:0915 x 2134mm,True,,1750147,0.0,First Floor
56,Door,M_Single-Flush:0915 x 2134mm:0915 x 2134mm:400242,28eYYwGUP7OhCGGbKLuBai,914.9999999999999,2134.0,M_Single-Flush:0915 x 2134mm,True,,1750192,0.0,First Floor
57,Door,M_Single-Flush:0915 x 2134mm:0915 x 2134mm:400243,28eYYwGUP7OhCGGbKLuBaj,914.9999999999999,2134.0,M_Single-Flush:0915 x 2134mm,True,,1750237,0.0,First Floor
58,Door,M_Single-Flush:0915 x 2134mm:0915 x 2134mm:400244,28eYYwGUP7OhCGGbKLuBag,914.9999999999999,2134.0,M_Single-Flush:0915 x 2134mm,True,,1750283,0.0,First Floor
59,Door,M_Single-Flush:0915 x 2134mm:0915 x 2134mm:400245,28eYYwGUP7OhCGGbKLuBah,914.9999999999999,2134.0,M_Single-Flush:0915 x 2134mm,True,,1750329,0.0,First Floor
60,Door,M_Single-Flush:0915 x 2134mm:0915 x 2134mm:400246,28eYYwGUP7OhCGGbKLuBae,914.9999999999999,2134.0,M_Single-Flush:0915 x 2134mm,True,,1750375,0.0,First Floor
61,Door,M_Single-Flush:0915 x 2134mm:0915 x 2134mm:400247,28eYYwGUP7OhCGGbKLuBaf,914.9999999999999,2134.0,M_Single-Flush:0915 x 2134mm,True,,1750420,0.0,First Floor
62,Door,M_Single-Flush:0915 x 2134mm:0915 x 2134mm:400248,28eYYwGUP7OhCGGbKLuBac,914.9999999999999,2134.0,M_Single-Flush:0915 x 2134mm,True,,1750465,0.0,First Floor
63,Door,M_Single-Flush:0915 x 2134mm:0915 x 2134mm:400249,28eYYwGUP7OhCGGbKLuBad,914.9999999999999,2134.0,M_Single-Flush:0915 x 2134mm,True,,1750510,0.0,First Floor
64,Door,M_Single-Flush:0915 x 2134mm:0915 x 2134mm:400250,28eYYwGUP7OhCGGbKLuBaa,914.9999999999999,2134.0,M_Single-Flush:0915 x 2134mm,True,,1750555,0.0,First Floor
65,Door,M_Single-Flush:0915 x 2134mm:0915 x 2134mm:400251,28eYYwGUP7OhCGGbKLuBab,914.9999999999999,2134.0,M_Single-Flush:0915 x 2134mm,True,,1750600,0.0,First Floor
66,Door,M_Single-Flush:0915 x 2134mm:0915 x 2134mm:400252,28eYYwGUP7OhCGGbKLuBaY,914.9999999999999,2134.0,M_Single-Flush:0915 x 2134mm,True,,1750645,0.0,First Floor
67,Door,M_Single-Flush:0915 x 2134mm:0915 x 2134mm:400253,28eYYwGUP7OhCGGbKLuBaZ,914.9999999999999,2134.0,M_Single-Flush:0915 x 2134mm,True,,1750690,0.0,First Floor
68,Door,M_Single-Flush:0915 x 2134mm:0915 x 2134mm:400254,28eYYwGUP7OhCGGbKLuBaW,914.9999999999999,2134.0,M_Single-Flush:0915 x 2134mm,True,,1750735,0.0,First Floor
69,Door,M_Single-Flush:0915 x 2134mm:0915 x 2134mm:400255,28eYYwGUP7OhCGGbKLuBaX,914.9999999999999,2134.0,M_Single-Flush:0915 x 2134mm,True,,1750780,0.0,First Floor
70,Door,M_Single-Flush:0915 x 2134mm:0915 x 2134mm:400256,28eYYwGUP7OhCGGbKLuBdU,914.9999999999999,2134.0,M_Single-Flush:0915 x 2134mm,True,,1750825,0.0,First Floor
71,Door,M_Single-Flush:0915 x 2134mm:0915 x 2134mm:400257,28eYYwGUP7OhCGGbKLuBdV,914.9999999999912,2134.0,M_Single-Flush:0915 x 2134mm,True,,1750870,0.0,First Floor
72,Door,M_Single-Flush:0915 x 2134mm:0915 x 2134mm:400258,28eYYwGUP7OhCGGbKLuBdS,914.9999999999999,2134.0,M_Single-Flush:0915 x 2134mm,True,,1750915,0.0,First Floor
73,Door,M_Single-Flush:0915 x 2134mm:0915 x 2134mm:400259,28eYYwGUP7OhCGGbKLuBdT,914.9999999999999,2134.0,M_Single-Flush:0915 x 2134mm,True,,1750960,0.0,First Floor
74,Door,M_Single-Flush:0915 x 2134mm:0915 x 2134mm:400260,28eYYwGUP7OhCGGbKLuBdQ,914.9999999999999,2134.0,M_Single-Flush:0915 x 2134mm,True,,1751005,0.0,First Floor
75,Door,M_Single-Flush:0915 x 2134mm:0915 x 2134mm:400261,28eYYwGUP7OhCGGbKLuBdR,914.9999999999999,2134.0,M_Single-Flush:0915 x 2134mm,True,,1751050,0.0,First Floor
76,Door,M_Single-Flush:0915 x 2134mm:0915 x 2134mm:400262,28eYYwGUP7OhCGGbKLuBdO,914.9999999999999,2134.0,M_Single-Flush:0915 x 2134mm,True,,1751095,0.0,First Floor
77,Door,M_Single-Flush:0915 x 2134mm:0915 x 2134mm:400263,28eYYwGUP7OhCGGbKLuBdP,914.9999999999999,2134.0,M_Single-Flush:0915 x 2134mm,True,,1751140,0.0,First Floor
78,Door,M_Single-Flush:0915 x 2134mm:0915 x 2134mm:400264,28eYYwGUP7OhCGGbKLuBdM,914.9999999999999,2134.0,M_Single-Flush:0915 x 2134mm,True,,1751185,0.0,First Floor
79,Door,M_Single-Flush:0915 x 2134mm:0915 x 2134mm:400265,28eYYwGUP7OhCGGbKLuBdN,914.9999999999999,2134.0,M_Single-Flush:0915 x 2134mm,True,,1751230,0.0,First Floor
80,Door,M_Single-Flush:0915 x 2134mm:0915 x 2134mm:400266,28eYYwGUP7OhCGGbKLuBdK,914.9999999999999,2134.0,M_Single-Flush:0915 x 2134mm,True,,1751275,0.0,First Floor
81,Door,M_Single-Flush:0915 x 2134mm:0915 x 2134mm:400267,28eYYwGUP7OhCGGbKLuBdL,914.9999999999999,2134.0,M_Single-Flush:0915 x 2134mm,True,,1751320,0.0,First Floor
82,Door,M_Single-Flush:0915 x 2134mm:0915 x 2134mm:400268,28eYYwGUP7OhCGGbKLuBdI,914.9999999999999,2134.0,M_Single-Flush:0915 x 2134mm,True,,1751365,0.0,First Floor
83,Door,M_Single-Flush:0915 x 2134mm:0915 x 2134mm:400269,28eYYwGUP7OhCGGbKLuBdJ,914.9999999999999,2134.0,M_Single-Flush:0915 x 2134mm,True,,1751410,0.0,First Floor
84,Door,M_Single-Flush:0915 x 2134mm:0915 x 2134mm:400270,28eYYwGUP7OhCGGbKLuBdG,914.9999999999999,2134.0,M_Single-Flush:0915 x 2134mm,True,,1751455,0.0,First Floor
85,Door,M_Single-Flush:0915 x 2134mm:0915 x 2134mm:400271,28eYYwGUP7OhCGGbKLuBdH,914.9999999999999,2134.0,M_Single-Flush:0915 x 2134mm,True,,1751500,0.0,First Floor
86,Door,M_Single-Flush:0915 x 2134mm:0915 x 2134mm:400272,28eYYwGUP7OhCGGbKLuBdE,914.9999999999999,2134.0,M_Single-Flush:0915 x 2134mm,True,,1751545,0.0,First Floor
87,Door,M_Single-Flush:0915 x 2134mm:0915 x 2134mm:400273,28eYYwGUP7OhCGGbKLuBdF,914.9999999999999,2134.0,M_Single-Flush:0915 x 2134mm,True,,1751590,0.0,First Floor
88,Door,M_Single-Flush:0915 x 2134mm:0915 x 2134mm:400274,28eYYwGUP7OhCGGbKLuBdC,914.9999999999999,2134.0,M_Single-Flush:0915 x 2134mm,True,,1751635,0.0,First Floor
89,Door,M_Single-Flush:0915 x 2134mm:0915 x 2134mm:400275,28eYYwGUP7OhCGGbKLuBdD,915.0000000000085,2134.0,M_Single-Flush:0915 x 2134mm,True,,1751680,0.0,First Floor
90,Door,M_Single-Flush:0915 x 2134mm:0915 x 2134mm:400276,28eYYwGUP7OhCGGbKLuBdA,914.9999999999999,2134.0,M_Single-Flush:0915 x 2134mm,True,,1751725,0.0,First Floor
91,Door,M_Single-Flush:0915 x 2134mm:0915 x 2134mm:400277,28eYYwGUP7OhCGGbKLuBdB,914.9999999999999,2134.0,M_Single-Flush:0915 x 2134mm,True,,1751770,0.0,First Floor
92,Door,M_Single-Flush:0915 x 2134mm:0915 x 2134mm:400278,28eYYwGUP7OhCGGbKLuBd8,914.9999999999999,2134.0,M_Single-Flush:0915 x 2134mm,True,,1751815,0.0,First Floor
93,Door,M_Single-Flush:0915 x 2134mm:0915 x 2134mm:400279,28eYYwGUP7OhCGGbKLuBd9,914.9999999999999,2134.0,M_Single-Flush:0915 x 2134mm,True,,1751860,0.0,First Floor
94,Door,M_Single-Flush:0915 x 2134mm:0915 x 2134mm:400280,28eYYwGUP7OhCGGbKLuBd6,914.9999999999999,2134.0,M_Single-Flush:0915 x 2134mm,True,,1751905,0.0,First Floor
95,Door,M_Single-Flush:0915 x 2134mm:0915 x 2134mm:400281,28eYYwGUP7OhCGGbKLuBd7,914.9999999999999,2134.0,M_Single-Flush:0915 x 2134mm,True,,1751950,0.0,First Floor
96,Door,M_Single-Flush:0915 x 2134mm:0915 x 2134mm:400282,28eYYwGUP7OhCGGbKLuBd4,914.9999999999999,2134.0,M_Single-Flush:0915 x 2134mm,True,,1751995,0.0,First Floor
97,Door,M_Single-Flush:0915 x 2134mm:0915 x 2134mm:400283,28eYYwGUP7OhCGGbKLuBd5,914.9999999999999,2134.0,M_Single-Flush:0915 x 2134mm,True,,1752040,0.0,First Floor
98,Door,M_Single-Flush:0915 x 2134mm:0915 x 2134mm:400285,28eYYwGUP7OhCGGbKLuBd3,914.9999999999999,2134.0,M_Single-Flush:0915 x 2134mm,True,,1752117,0.0,First Floor
99,Door,M_Single-Flush:0915 x 2134mm:0915 x 2134mm:400286,28eYYwGUP7OhCGGbKLuBd0,914.9999999999999,2134.0,M_Single-Flush:0915 x 2134mm,True,,1752162,0.0,First Floor
100,Door,M_Single-Flush:0915 x 2134mm:0915 x 2134mm:400287,28eYYwGUP7OhCGGbKLuBd1,914.9999999999999,2134.0,M_Single-Flush:0915 x 2134mm,True,,1752207,0.0,First Floor
101,Door,M_Single-Flush:0915 x 2134mm:0915 x 2134mm:400288,28eYYwGUP7OhCGGbKLuBd_,914.9999999999999,2134.0,M_Single-Flush:0915 x 2134mm,True,,1752252,0.0,First Floor
102,Door,M_Single-Flush:0915 x 2134mm:0915 x 2134mm:400289,28eYYwGUP7OhCGGbKLuBd$,914.9999999999999,2134.0,M_Single-Flush:0915 x 2134mm,True,,1752297,0.0,First Floor
103,Door,M_Single-Flush:0915 x 2134mm:0915 x 2134mm:400290,28eYYwGUP7OhCGGbKLuBdy,914.9999999999999,2134.0,M_Single-Flush:0915 x 2134mm,True,,1752342,0.0,First Floor
104,Door,M_Single-Flush:0915 x 2134mm:0915 x 2134mm:400291,28eYYwGUP7OhCGGbKLuBdz,914.9999999999999,2134.0,M_Single-Flush:0915 x 2134mm,True,,1752387,0.0,First Floor
105,Door,M_Single-Flush:0915 x 2134mm:0915 x 2134mm:400292,28eYYwGUP7OhCGGbKLuBdw,914.9999999999999,2134.0,M_Single-Flush:0915 x 2134mm,True,,1752432,0.0,First Floor
106,Door,M_Single-Flush:0915 x 2134mm:0915 x 2134mm:400293,28eYYwGUP7OhCGGbKLuBdx,914.9999999999999,2134.0,M_Single-Flush:0915 x 2134mm,True,,1752477,0.0,First Floor
107,Door,M_Single-Flush:0915 x 2134mm:0915 x 2134mm:400294,28eYYwGUP7OhCGGbKLuBdu,914.9999999999999,2134.0,M_Single-Flush:0915 x 2134mm,True,,1752522,0.0,First Floor
108,Door,M_Single-Flush:0915 x 2134mm:0915 x 2134mm:400295,28eYYwGUP7OhCGGbKLuBdv,914.9999999999999,2134.0,M_Single-Flush:0915 x 2134mm,True,,1752567,0.0,First Floor
109,Door,M_Single-Flush:0915 x 2134mm:0915 x 2134mm:400296,28eYYwGUP7OhCGGbKLuBds,914.9999999999999,2134.0,M_Single-Flush:0915 x 2134mm,True,,1752612,0.0,First Floor
110,Door,M_Single-Flush:0915 x 2134mm:0915 x 2134mm:400297,28eYYwGUP7OhCGGbKLuBdt,914.9999999999999,2134.0,M_Single-Flush:0915 x 2134mm,True,,1752657,0.0,First Floor
111,Door,M_Single-Flush:0915 x 2134mm:0915 x 2134mm:400298,28eYYwGUP7OhCGGbKLuBdq,914.9999999999999,2134.0,M_Single-Flush:0915 x 2134mm,True,,1752702,0.0,First Floor
112,Door,M_Single-Flush:0915 x 2134mm:0915 x 2134mm:400299,28eYYwGUP7OhCGGbKLuBdr,914.9999999999999,2134.0,M_Single-Flush:0915 x 2134mm,True,,1752747,0.0,First Floor
113,Door,M_Single-Flush:0915 x 2134mm:0915 x 2134mm:400300,28eYYwGUP7OhCGGbKLuBdo,914.9999999999999,2134.0,M_Single-Flush:0915 x 2134mm,True,,1752792,0.0,First Floor
114,Door,M_Single-Flush:0915 x 2134mm:0915 x 2134mm:400301,28eYYwGUP7OhCGGbKLuBdp,914.9999999999999,2134.0,M_Single-Flush:0915 x 2134mm,True,,1752837,0.0,First Floor
115,Door,M_Single-Flush:0915 x 2134mm:0915 x 2134mm:400302,28eYYwGUP7OhCGGbKLuBdm,914.9999999999999,2134.0,M_Single-Flush:0915 x 2134mm,True,,1752882,0.0,First Floor
116,Door,M_Single-Flush:0915 x 2134mm:0915 x 2134mm:400303,28eYYwGUP7OhCGGbKLuBdn,914.9999999999999,2134.0,M_Single-Flush:0915 x 2134mm,True,,1752927,0.0,First Floor
117,Door,M_Single-Flush:0915 x 2134mm:0915 x 2134mm:400304,28eYYwGUP7OhCGGbKLuBdk,914.9999999999999,2134.0,M_Single-Flush:0915 x 2134mm,True,,1752972,0.0,First Floor
118,Door,M_Single-Flush:0915 x 2134mm:0915 x 2134mm:400305,28eYYwGUP7OhCGGbKLuBdl,914.9999999999999,2134.0,M_Single-Flush:0915 x 2134mm,True,,1753017,0.0,First Floor
119,Door,M_Single-Flush:0915 x 2134mm:0915 x 2134mm:400306,28eYYwGUP7OhCGGbKLuBdi,914.9999999999999,2134.0,M_Single-Flush:0915 x 2134mm,True,,1753062,0.0,First Floor
120,Door,IntAys%20(2)[1]:1580 x 2110mm Sgl Swing Short:1580 x 2110mm Sgl Swing Short:400307,28eYYwGUP7OhCGGbKLuBdj,1579.999999999996,2110.0,IntAys%20(2)[1]:1580 x 2110mm Sgl Swing Short,True,,1755137,0.0,First Floor
121,Door,M_Single-Flush:1220 x 2134mm:1220 x 2134mm:400308,28eYYwGUP7OhCGGbKLuBdg,1220.0,2134.0,M_Single-Flush:1220 x 2134mm,True,,1755296,0.0,First Floor
122,Door,Single_Door_w_Sidelight:1504.4mm x 2040mm:1504.4mm x 2040mm:400309,28eYYwGUP7OhCGGbKLuBdh,1574.399999999989,2075.00000000001,Single_Door_w_Sidelight:1504.4mm x 2040mm,True,,1756026,0.0,First Floor
123,Door,Single_Door_w_Sidelight:1504.4mm x 2040mm:1504.4mm x 2040mm:400310,28eYYwGUP7OhCGGbKLuBde,1574.399999999989,2075.00000000001,Single_Door_w_Sidelight:1504.4mm x 2040mm,True,,1756093,0.0,First Floor
124,Door,"Single-Flush_w Sidelight:36"" x 84"":36"" x 84"":400520",28eYYwGUP7OhCGGbKLuBxM,1219.2,2133.6,"Single-Flush_w Sidelight:36"" x 84""",True,,1770449,0.0,First Floor
125,Door,"Single-Flush_w Sidelight:36"" x 84"":36"" x 84"":400521",28eYYwGUP7OhCGGbKLuBxN,1219.2,2133.6,"Single-Flush_w Sidelight:36"" x 84""",True,,1770511,0.0,First Floor
126,Door,"Single-Flush_w Sidelight:36"" x 84"":36"" x 84"":400522",28eYYwGUP7OhCGGbKLuBxK,1219.2,2133.6,"Single-Flush_w Sidelight:36"" x 84""",True,,1770553,0.0,First Floor
127,Door,"Single-Flush_w Sidelight:36"" x 84"":36"" x 84"":400523",28eYYwGUP7OhCGGbKLuBxL,1219.2,2133.6,"Single-Flush_w Sidelight:36"" x 84""",True,,1770687,0.0,First Floor
128,Door,M_Single-Flush:1083.0 x 2134mm:1083.0 x 2134mm:400643,28eYYwGUP7OhCGGbKLuBzT,1082.999999999996,2134.0,M_Single-Flush:1083.0 x 2134mm,True,,1774979,0.0,First Floor
129,Door,M_Double-Flush:1830 x 1981mm:1830 x 1981mm:400644,28eYYwGUP7OhCGGbKLuBzQ,1830.0,1980.999999999999,M_Double-Flush:1830 x 1981mm,True,,1775124,0.0,First Floor
130,Door,M_Double-Flush:1830 x 1981mm:1830 x 1981mm:400646,28eYYwGUP7OhCGGbKLuBzO,1830.0,1980.999999999999,M_Double-Flush:1830 x 1981mm,True,,1775315,0.0,First Floor
131,Door,Single_Door_Swing:Single_Door_Swing 935 x 2000:Single_Door_Swing 935 x 2000:400668,28eYYwGUP7OhCGGbKLuBz2,935.000000000004,2000.000000000054,Single_Door_Swing:Single_Door_Swing 935 x 2000,True,,1776144,0.0,First Floor
132,Door,Single_Door_Swing:Single_Door_Swing 935 x 2000:Single_Door_Swing 935 x 2000:400759,28eYYwGUP7OhCGGbKLuByf,935.000000000004,2000.000000000054,Single_Door_Swing:Single_Door_Swing 935 x 2000,True,,1779512,0.0,First Floor
133,Door,Single_Door_Swing:Single_Door_Swing 935 x 2000:Single_Door_Swing 935 x 2000:400760,28eYYwGUP7OhCGGbKLuByc,935.000000000004,2000.000000000054,Single_Door_Swing:Single_Door_Swing 935 x 2000,True,,1779560,0.0,First Floor
134,Door,Single_Door_Swing:Single_Door_Swing 935 x 2000:Single_Door_Swing 935 x 2000:400761,28eYYwGUP7OhCGGbKLuByd,934.9999999999953,2000.000000000054,Single_Door_Swing:Single_Door_Swing 935 x 2000,True,,1779608,0.0,First Floor
135,Door,Single_Door_Swing:Single_Door_Swing 935 x 2000:Single_Door_Swing 935 x 2000:400762,28eYYwGUP7OhCGGbKLuBya,935.000000000004,2000.000000000054,Single_Door_Swing:Single_Door_Swing 935 x 2000,True,,1779674,0.0,First Floor
136,Door,Single_Door_Swing:Single_Door_Swing 935 x 2000:Single_Door_Swing 935 x 2000:400763,28eYYwGUP7OhCGGbKLuByb,935.000000000004,2000.000000000054,Single_Door_Swing:Single_Door_Swing 935 x 2000,True,,1779722,0.0,First Floor
137,Door,M_Single-Flush:0915 x 2134mm:0915 x 2134mm:400911,28eYYwGUP7OhCGGbKLuBnH,914.9999999999999,2134.0,M_Single-Flush:0915 x 2134mm,True,,1785361,4570.000000000644,Second Floor
138,Door,M_Single-Flush:0915 x 2134mm:0915 x 2134mm:400912,28eYYwGUP7OhCGGbKLuBnE,914.9999999999999,2134.0,M_Single-Flush:0915 x 2134mm,True,,1785406,4570.000000000644,Second Floor
139,Door,M_Single-Flush:0915 x 2134mm:0915 x 2134mm:400913,28eYYwGUP7OhCGGbKLuBnF,914.9999999999999,2134.0,M_Single-Flush:0915 x 2134mm,True,,1785451,4570.000000000644,Second Floor
140,Door,M_Single-Flush:0915 x 2134mm:0915 x 2134mm:400914,28eYYwGUP7OhCGGbKLuBnC,914.9999999999999,2134.0,M_Single-Flush:0915 x 2134mm,True,,1785496,4570.000000000644,Second Floor
141,Door,M_Single-Flush:0915 x 2134mm:0915 x 2134mm:400915,28eYYwGUP7OhCGGbKLuBnD,914.9999999999999,2134.0,M_Single-Flush:0915 x 2134mm,True,,1785541,4570.000000000644,Second Floor
142,Door,M_Single-Flush:0915 x 2134mm:0915 x 2134mm:400916,28eYYwGUP7OhCGGbKLuBnA,914.9999999999999,2134.0,M_Single-Flush:0915 x 2134mm,True,,1785649,4570.000000000644,Second Floor
143,Door,M_Single-Flush:0915 x 2134mm:0915 x 2134mm:400917,28eYYwGUP7OhCGGbKLuBnB,914.9999999999999,2134.0,M_Single-Flush:0915 x 2134mm,True,,1785694,4570.000000000644,Second Floor
144,Door,M_Single-Flush:0915 x 2134mm:0915 x 2134mm:400918,28eYYwGUP7OhCGGbKLuBn8,914.9999999999999,2134.0,M_Single-Flush:0915 x 2134mm,True,,1785739,4570.000000000644,Second Floor
145,Door,M_Single-Flush:0915 x 2134mm:0915 x 2134mm:400919,28eYYwGUP7OhCGGbKLuBn9,914.9999999999999,2134.0,M_Single-Flush:0915 x 2134mm,True,,1785784,4570.000000000644,Second Floor
146,Door,M_Single-Flush:0915 x 2134mm:0915 x 2134mm:400920,28eYYwGUP7OhCGGbKLuBn6,914.9999999999999,2134.0,M_Single-Flush:0915 x 2134mm,True,,1785829,4570.000000000644,Second Floor
147,Door,M_Single-Flush:0915 x 2134mm:0915 x 2134mm:400921,28eYYwGUP7OhCGGbKLuBn7,914.9999999999999,2134.0,M_Single-Flush:0915 x 2134mm,True,,1785874,4570.000000000644,Second Floor
148,Door,M_Single-Flush:0915 x 2134mm:0915 x 2134mm:400922,28eYYwGUP7OhCGGbKLuBn4,915.0000000000085,2134.0,M_Single-Flush:0915 x 2134mm,True,,1785919,4570.000000000644,Second Floor
149,Door,M_Single-Flush:0915 x 2134mm:0915 x 2134mm:400926,28eYYwGUP7OhCGGbKLuBn0,914.9999999999999,2134.0,M_Single-Flush:0915 x 2134mm,True,,1786060,4570.000000000644,Second Floor
150,Door,M_Single-Flush:0915 x 2134mm:0915 x 2134mm:400927,28eYYwGUP7OhCGGbKLuBn1,914.9999999999999,2134.0,M_Single-Flush:0915 x 2134mm,True,,1786105,4570.000000000644,Second Floor
151,Door,M_Single-Flush:0915 x 2134mm:0915 x 2134mm:400928,28eYYwGUP7OhCGGbKLuBn_,914.9999999999999,2134.0,M_Single-Flush:0915 x 2134mm,True,,1786150,4570.000000000644,Second Floor
152,Door,M_Single-Flush:0915 x 2134mm:0915 x 2134mm:400929,28eYYwGUP7OhCGGbKLuBn$,914.9999999999999,2134.0,M_Single-Flush:0915 x 2134mm,True,,1786195,4570.000000000644,Second Floor
153,Door,M_Single-Flush:0915 x 2134mm:0915 x 2134mm:400930,28eYYwGUP7OhCGGbKLuBny,914.9999999999999,2134.0,M_Single-Flush:0915 x 2134mm,True,,1786240,4570.000000000644,Second Floor
154,Door,M_Single-Flush:0915 x 2134mm:0915 x 2134mm:400931,28eYYwGUP7OhCGGbKLuBnz,914.9999999999999,2134.0,M_Single-Flush:0915 x 2134mm,True,,1786285,4570.000000000644,Second Floor
155,Door,M_Single-Flush:0915 x 2134mm:0915 x 2134mm:400932,28eYYwGUP7OhCGGbKLuBnw,914.9999999999999,2134.0,M_Single-Flush:0915 x 2134mm,True,,1786330,4570.000000000644,Second Floor
156,Door,M_Single-Flush:0915 x 2134mm:0915 x 2134mm:400933,28eYYwGUP7OhCGGbKLuBnx,914.9999999999999,2134.0,M_Single-Flush:0915 x 2134mm,True,,1786375,4570.000000000644,Second Floor
157,Door,M_Single-Flush:0915 x 2134mm:0915 x 2134mm:400934,28eYYwGUP7OhCGGbKLuBnu,914.9999999999999,2134.0,M_Single-Flush:0915 x 2134mm,True,,1786420,4570.000000000644,Second Floor
158,Door,M_Single-Flush:0915 x 2134mm:0915 x 2134mm:400935,28eYYwGUP7OhCGGbKLuBnv,914.9999999999999,2134.0,M_Single-Flush:0915 x 2134mm,True,,1786465,4570.000000000644,Second Floor
159,Door,M_Single-Flush:0915 x 2134mm:0915 x 2134mm:400936,28eYYwGUP7OhCGGbKLuBns,914.9999999999999,2134.0,M_Single-Flush:0915 x 2134mm,True,,1786510,4570.000000000644,Second Floor
160,Door,M_Single-Flush:0915 x 2134mm:0915 x 2134mm:400937,28eYYwGUP7OhCGGbKLuBnt,914.9999999999999,2134.0,M_Single-Flush:0915 x 2134mm,True,,1786555,4570.000000000644,Second Floor
161,Door,M_Single-Flush:0915 x 2134mm:0915 x 2134mm:400938,28eYYwGUP7OhCGGbKLuBnq,914.9999999999999,2134.0,M_Single-Flush:0915 x 2134mm,True,,1786600,4570.000000000644,Second Floor
162,Door,M_Single-Flush:0915 x 2134mm:0915 x 2134mm:400939,28eYYwGUP7OhCGGbKLuBnr,914.9999999999999,2134.0,M_Single-Flush:0915 x 2134mm,True,,1786645,4570.000000000644,Second Floor
163,Door,M_Single-Flush:0915 x 2134mm:0915 x 2134mm:400940,28eYYwGUP7OhCGGbKLuBno,914.9999999999999,2134.0,M_Single-Flush:0915 x 2134mm,True,,1786690,4570.000000000644,Second Floor
164,Door,M_Single-Flush:0915 x 2134mm:0915 x 2134mm:400941,28eYYwGUP7OhCGGbKLuBnp,914.9999999999999,2134.0,M_Single-Flush:0915 x 2134mm,True,,1786735,4570.000000000644,Second Floor
165,Door,M_Single-Flush:0915 x 2134mm:0915 x 2134mm:400942,28eYYwGUP7OhCGGbKLuBnm,914.9999999999999,2134.0,M_Single-Flush:0915 x 2134mm,True,,1786780,4570.000000000644,Second Floor
166,Door,M_Single-Flush:0915 x 2134mm:0915 x 2134mm:400943,28eYYwGUP7OhCGGbKLuBnn,914.9999999999999,2134.0,M_Single-Flush:0915 x 2134mm,True,,1786825,4570.000000000644,Second Floor
167,Door,M_Single-Flush:0915 x 2134mm:0915 x 2134mm:400944,28eYYwGUP7OhCGGbKLuBnk,914.9999999999999,2134.0,M_Single-Flush:0915 x 2134mm,True,,1786870,4570.000000000644,Second Floor
168,Door,M_Single-Flush:0915 x 2134mm:0915 x 2134mm:400945,28eYYwGUP7OhCGGbKLuBnl,914.9999999999999,2134.0,M_Single-Flush:0915 x 2134mm,True,,1786915,4570.000000000644,Second Floor
169,Door,M_Single-Flush:0915 x 2134mm:0915 x 2134mm:400946,28eYYwGUP7OhCGGbKLuBni,914.9999999999999,2134.0,M_Single-Flush:0915 x 2134mm,True,,1786960,4570.000000000644,Second Floor
170,Door,M_Single-Flush:0915 x 2134mm:0915 x 2134mm:400947,28eYYwGUP7OhCGGbKLuBnj,914.9999999999999,2134.0,M_Single-Flush:0915 x 2134mm,True,,1787005,4570.000000000644,Second Floor
171,Door,M_Single-Flush:0915 x 2134mm:0915 x 2134mm:400948,28eYYwGUP7OhCGGbKLuBng,914.9999999999999,2134.0,M_Single-Flush:0915 x 2134mm,True,,1787050,4570.000000000644,Second Floor
172,Door,M_Single-Flush:0915 x 2134mm:0915 x 2134mm:400949,28eYYwGUP7OhCGGbKLuBnh,914.9999999999999,2134.0,M_Single-Flush:0915 x 2134mm,True,,1787095,4570.000000000644,Second Floor
173,Door,M_Single-Flush:0915 x 2134mm:0915 x 2134mm:400950,28eYYwGUP7OhCGGbKLuBne,914.9999999999999,2134.0,M_Single-Flush:0915 x 2134mm,True,,1787140,4570.000000000644,Second Floor
174,Door,M_Single-Flush:0915 x 2134mm:0915 x 2134mm:400951,28eYYwGUP7OhCGGbKLuBnf,914.9999999999999,2134.0,M_Single-Flush:0915 x 2134mm,True,,1787185,4570.000000000644,Second Floor
175,Door,M_Single-Flush:0915 x 2134mm:0915 x 2134mm:400952,28eYYwGUP7OhCGGbKLuBnc,914.9999999999999,2134.0,M_Single-Flush:0915 x 2134mm,True,,1787230,4570.000000000644,Second Floor
176,Door,M_Single-Flush:0915 x 2134mm:0915 x 2134mm:400953,28eYYwGUP7OhCGGbKLuBnd,914.9999999999999,2134.0,M_Single-Flush:0915 x 2134mm,True,,1787275,4570.000000000644,Second Floor
177,Door,M_Single-Flush:0915 x 2134mm:0915 x 2134mm:400954,28eYYwGUP7OhCGGbKLuBna,914.9999999999999,2134.0,M_Single-Flush:0915 x 2134mm,True,,1787320,4570.000000000644,Second Floor
178,Door,M_Single-Flush:0915 x 2134mm:0915 x 2134mm:400955,28eYYwGUP7OhCGGbKLuBnb,914.9999999999999,2134.0,M_Single-Flush:0915 x 2134mm,True,,1787365,4570.000000000644,Second Floor
179,Door,M_Single-Flush:0915 x 2134mm:0915 x 2134mm:400956,28eYYwGUP7OhCGGbKLuBnY,914.9999999999999,2134.0,M_Single-Flush:0915 x 2134mm,True,,1787410,4570.000000000644,Second Floor
180,Door,M_Single-Flush:0915 x 2134mm:0915 x 2134mm:400957,28eYYwGUP7OhCGGbKLuBnZ,914.9999999999999,2134.0,M_Single-Flush:0915 x 2134mm,True,,1787455,4570.000000000644,Second Floor
181,Door,M_Single-Flush:0915 x 2134mm:0915 x 2134mm:400958,28eYYwGUP7OhCGGbKLuBnW,914.9999999999999,2134.0,M_Single-Flush:0915 x 2134mm,True,,1787500,4570.000000000644,Second Floor
182,Door,M_Single-Flush:0915 x 2134mm:0915 x 2134mm:400959,28eYYwGUP7OhCGGbKLuBnX,914.9999999999999,2134.0,M_Single-Flush:0915 x 2134mm,True,,1787545,4570.000000000644,Second Floor
183,Door,M_Single-Flush:0915 x 2134mm:0915 x 2134mm:400960,28eYYwGUP7OhCGGbKLuBmU,914.9999999999999,2134.0,M_Single-Flush:0915 x 2134mm,True,,1787590,4570.000000000644,Second Floor
184,Door,M_Single-Flush:0915 x 2134mm:0915 x 2134mm:400961,28eYYwGUP7OhCGGbKLuBmV,914.9999999999999,2134.0,M_Single-Flush:0915 x 2134mm,True,,1787635,4570.000000000644,Second Floor
185,Door,M_Single-Flush:0915 x 2134mm:0915 x 2134mm:400962,28eYYwGUP7OhCGGbKLuBmS,914.9999999999999,2134.0,M_Single-Flush:0915 x 2134mm,True,,1787680,4570.000000000644,Second Floor
186,Door,M_Single-Flush:0915 x 2134mm:0915 x 2134mm:400963,28eYYwGUP7OhCGGbKLuBmT,914.9999999999999,2134.0,M_Single-Flush:0915 x 2134mm,True,,1787725,4570.000000000644,Second Floor
187,Door,M_Single-Flush:0915 x 2134mm:0915 x 2134mm:400964,28eYYwGUP7OhCGGbKLuBmQ,914.9999999999999,2134.0,M_Single-Flush:0915 x 2134mm,True,,1787770,4570.000000000644,Second Floor
188,Door,M_Single-Flush:0915 x 2134mm:0915 x 2134mm:400965,28eYYwGUP7OhCGGbKLuBmR,914.9999999999999,2134.0,M_Single-Flush:0915 x 2134mm,True,,1787815,4570.000000000644,Second Floor
189,Door,M_Single-Flush:0915 x 2134mm:0915 x 2134mm:400966,28eYYwGUP7OhCGGbKLuBmO,914.9999999999999,2134.0,M_Single-Flush:0915 x 2134mm,True,,1787860,4570.000000000644,Second Floor
190,Door,M_Single-Flush:0915 x 2134mm:0915 x 2134mm:400967,28eYYwGUP7OhCGGbKLuBmP,914.9999999999999,2134.0,M_Single-Flush:0915 x 2134mm,True,,1787905,4570.000000000644,Second Floor
191,Door,M_Single-Flush:0915 x 2134mm:0915 x 2134mm:400968,28eYYwGUP7OhCGGbKLuBmM,914.9999999999999,2134.0,M_Single-Flush:0915 x 2134mm,True,,1787950,4570.000000000644,Second Floor
192,Door,M_Single-Flush:0915 x 2134mm:0915 x 2134mm:400969,28eYYwGUP7OhCGGbKLuBmN,914.9999999999999,2134.0,M_Single-Flush:0915 x 2134mm,True,,1787995,4570.000000000644,Second Floor
193,Door,M_Single-Flush:0915 x 2134mm:0915 x 2134mm:400970,28eYYwGUP7OhCGGbKLuBmK,914.9999999999999,2134.0,M_Single-Flush:0915 x 2134mm,True,,1788040,4570.000000000644,Second Floor
194,Door,M_Single-Flush:0915 x 2134mm:0915 x 2134mm:400971,28eYYwGUP7OhCGGbKLuBmL,914.9999999999999,2134.0,M_Single-Flush:0915 x 2134mm,True,,1788085,4570.000000000644,Second Floor
195,Door,M_Single-Flush:0915 x 2134mm:0915 x 2134mm:400972,28eYYwGUP7OhCGGbKLuBmI,914.9999999999999,2134.0,M_Single-Flush:0915 x 2134mm,True,,1788130,4570.000000000644,Second Floor
196,Door,M_Single-Flush:0915 x 2134mm:0915 x 2134mm:400973,28eYYwGUP7OhCGGbKLuBmJ,914.9999999999999,2134.0,M_Single-Flush:0915 x 2134mm,True,,1788175,4570.000000000644,Second Floor
197,Door,M_Single-Flush:0915 x 2134mm:0915 x 2134mm:400974,28eYYwGUP7OhCGGbKLuBmG,914.9999999999999,2134.0,M_Single-Flush:0915 x 2134mm,True,,1788220,4570.000000000644,Second Floor
198,Door,M_Single-Flush:0915 x 2134mm:0915 x 2134mm:400975,28eYYwGUP7OhCGGbKLuBmH,914.9999999999999,2134.0,M_Single-Flush:0915 x 2134mm,True,,1788265,4570.000000000644,Second Floor
199,Door,M_Single-Flush:0915 x 2134mm:0915 x 2134mm:400976,28eYYwGUP7OhCGGbKLuBmE,914.9999999999999,2134.0,M_Single-Flush:0915 x 2134mm,True,,1788310,4570.000000000644,Second Floor
200,Door,M_Single-Flush:0915 x 2134mm:0915 x 2134mm:400977,28eYYwGUP7OhCGGbKLuBmF,914.9999999999999,2134.0,M_Single-Flush:0915 x 2134mm,True,,1788356,4570.000000000644,Second Floor
201,Door,M_Single-Flush:0915 x 2134mm:0915 x 2134mm:400978,28eYYwGUP7OhCGGbKLuBmC,914.9999999999999,2134.0,M_Single-Flush:0915 x 2134mm,True,,1788401,4570.000000000644,Second Floor
202,Door,M_Single-Flush:0915 x 2134mm:0915 x 2134mm:400979,28eYYwGUP7OhCGGbKLuBmD,914.9999999999999,2134.0,M_Single-Flush:0915 x 2134mm,True,,1788446,4570.000000000644,Second Floor
203,Door,M_Single-Flush:0915 x 2134mm:0915 x 2134mm:400980,28eYYwGUP7OhCGGbKLuBmA,914.9999999999999,2134.0,M_Single-Flush:0915 x 2134mm,True,,1788491,4570.000000000644,Second Floor
204,Door,M_Single-Flush:0915 x 2134mm:0915 x 2134mm:400981,28eYYwGUP7OhCGGbKLuBmB,914.9999999999999,2134.0,M_Single-Flush:0915 x 2134mm,True,,1788536,4570.000000000644,Second Floor
205,Door,M_Single-Flush:0915 x 2134mm:0915 x 2134mm:400982,28eYYwGUP7OhCGGbKLuBm8,914.9999999999999,2134.0,M_Single-Flush:0915 x 2134mm,True,,1788581,4570.000000000644,Second Floor
206,Door,M_Single-Flush:0915 x 2134mm:0915 x 2134mm:400983,28eYYwGUP7OhCGGbKLuBm9,914.9999999999999,2134.0,M_Single-Flush:0915 x 2134mm,True,,1788626,4570.000000000644,Second Floor
207,Door,M_Single-Flush:0915 x 2134mm:0915 x 2134mm:400984,28eYYwGUP7OhCGGbKLuBm6,914.9999999999999,2134.0,M_Single-Flush:0915 x 2134mm,True,,1788671,4570.000000000644,Second Floor
208,Door,M_Single-Flush:0915 x 2134mm:0915 x 2134mm:400985,28eYYwGUP7OhCGGbKLuBm7,914.9999999999999,2134.0,M_Single-Flush:0915 x 2134mm,True,,1788716,4570.000000000644,Second Floor
209,Door,M_Single-Flush:0915 x 2134mm:0915 x 2134mm:400986,28eYYwGUP7OhCGGbKLuBm4,914.9999999999999,2134.0,M_Single-Flush:0915 x 2134mm,True,,1788761,4570.000000000644,Second Floor
210,Door,M_Single-Flush:0915 x 2134mm:0915 x 2134mm:400987,28eYYwGUP7OhCGGbKLuBm5,914.9999999999999,2134.0,M_Single-Flush:0915 x 2134mm,True,,1788806,4570.000000000644,Second Floor
211,Door,M_Single-Flush:0915 x 2134mm:0915 x 2134mm:400988,28eYYwGUP7OhCGGbKLuBm2,914.9999999999999,2134.0,M_Single-Flush:0915 x 2134mm,True,,1788851,4570.000000000644,Second Floor
212,Door,M_Single-Flush:0915 x 2134mm:0915 x 2134mm:400989,28eYYwGUP7OhCGGbKLuBm3,914.9999999999999,2134.0,M_Single-Flush:0915 x 2134mm,True,,1788896,4570.000000000644,Second Floor
213,Door,M_Single-Flush:0915 x 2134mm:0915 x 2134mm:400990,28eYYwGUP7OhCGGbKLuBm0,914.9999999999999,2134.0,M_Single-Flush:0915 x 2134mm,True,,1788941,4570.000000000644,Second Floor
214,Door,M_Single-Flush:0915 x 2134mm:0915 x 2134mm:400991,28eYYwGUP7OhCGGbKLuBm1,914.9999999999999,2134.0,M_Single-Flush:0915 x 2134mm,True,,1788986,4570.000000000644,Second Floor
215,Door,M_Single-Flush:0915 x 2134mm:0915 x 2134mm:400992,28eYYwGUP7OhCGGbKLuBm_,914.9999999999999,2134.0,M_Single-Flush:0915 x 2134mm,True,,1789031,4570.000000000644,Second Floor
216,Door,M_Single-Flush:0915 x 2134mm:0915 x 2134mm:400993,28eYYwGUP7OhCGGbKLuBm$,914.9999999999999,2134.0,M_Single-Flush:0915 x 2134mm,True,,1789076,4570.000000000644,Second Floor
217,Door,M_Double-Flush:1830 x 2134mm:1830 x 2134mm:400994,28eYYwGUP7OhCGGbKLuBmy,1830.0,2133.999999999999,M_Double-Flush:1830 x 2134mm,True,,1789204,4570.000000000644,Second Floor
218,Door,M_Double-Flush:1169.4 x 2134mm:1169.4 x 2134mm:400996,28eYYwGUP7OhCGGbKLuBmw,1169.400000000003,2133.999999999999,M_Double-Flush:1169.4 x 2134mm,True,,1789416,4570.000000000644,Second Floor
219,Door,"Cased_Opening:36"" x 84"":36"" x 84"":400999",28eYYwGUP7OhCGGbKLuBmv,1066.8,2209.800000000006,"Cased_Opening:36"" x 84""",True,,1789566,0.0,First Floor
220,Door,"Cased_Opening:42"" x 84"":42"" x 84"":401000",28eYYwGUP7OhCGGbKLuBms,1219.2,2209.800000000006,"Cased_Opening:42"" x 84""",True,,1789640,0.0,First Floor
221,Door,M_Single-Flush:0915 x 2134mm:0915 x 2134mm:401009,28eYYwGUP7OhCGGbKLuBml,914.9999999999999,2134.0,M_Single-Flush:0915 x 2134mm,True,,1789845,4570.000000000644,Second Floor
222,Door,M_Single-Flush:0915 x 2134mm:0915 x 2134mm:401010,28eYYwGUP7OhCGGbKLuBmi,914.9999999999999,2134.0,M_Single-Flush:0915 x 2134mm,True,,1789890,4570.000000000644,Second Floor
223,Door,M_Single-Flush:0915 x 2134mm:0915 x 2134mm:401292,28eYYwGUP7OhCGGbKLuBtI,914.9999999999999,2134.0,M_Single-Flush:0915 x 2134mm,True,,1803457,0.0,First Floor
224,Door,Curtain Wall-Store Front-Dbl:Store Front Double Door:Store Front Double Door:401303,28eYYwGUP7OhCGGbKLuBt9,1884.999999999968,1627.485891427334,Curtain Wall-Store Front-Dbl:Store Front Double Door,True,,1804346,0.0,First Floor
225,Door,Curtain Wall-Store Front-Dbl:Store Front Double Door:Store Front Double Door:401303,2a6kd1Q4jF9OA7FeD9X0Ek,1884.999999999968,1627.485891427334,Curtain Wall-Store Front-Dbl:Store Front Double Door,True,,1805679,0.0,First Floor
226,Door,M_Single-Flush:0915 x 2134mm:0915 x 2134mm:401475,28eYYwGUP7OhCGGbKLu88T,914.9999999999999,2134.0,M_Single-Flush:0915 x 2134mm,True,,1810346,0.0,First Floor
227,Door,M_Single-Flush:0915 x 2134mm:0915 x 2134mm:401476,28eYYwGUP7OhCGGbKLu88Q,914.9999999999999,2134.0,M_Single-Flush:0915 x 2134mm,True,,1810391,0.0,First Floor
228,Door,M_Double-Flush:1730 x 2134mm:1730 x 2134mm:401495,28eYYwGUP7OhCGGbKLu889,1730.000000000005,2133.999999999999,M_Double-Flush:1730 x 2134mm,True,,1810677,0.0,First Floor
229,Door,"Cased_Opening:42"" x 84"":42"" x 84"":403365",28eYYwGUP7OhCGGbKLu8Nx,1219.2,2209.800000000006,"Cased_Opening:42"" x 84""",True,,1825030,0.0,First Floor
230,Door,"Cased_Opening:42"" x 84"":42"" x 84"":403367",28eYYwGUP7OhCGGbKLu8Nv,1219.2,2209.800000000006,"Cased_Opening:42"" x 84""",True,,1825105,4570.000000000644,Second Floor
231,Door,M_Double-Flush:1500 x 2032mm:1500 x 2032mm:403438,28eYYwGUP7OhCGGbKLu8Mm,1499.999999999997,2031.999999999999,M_Double-Flush:1500 x 2032mm,True,,1828002,0.0,First Floor
232,Door,M_Double-Flush:1830 x 2134mm:1830 x 2134mm:403439,28eYYwGUP7OhCGGbKLu8Mn,1830.0,2133.999999999999,M_Double-Flush:1830 x 2134mm,True,,1828147,0.0,First Floor
233,Door,M_Double-Flush:1830 x 2134mm:1830 x 2134mm:403801,28eYYwGUP7OhCGGbKLu8i7,1830.0,2133.999999999999,M_Double-Flush:1830 x 2134mm,True,,1879908,4570.000000000644,Second Floor
234,Door,"Cased_Opening:36"" x 84"":36"" x 84"":403802",28eYYwGUP7OhCGGbKLu8i4,1066.8,2209.800000000006,"Cased_Opening:36"" x 84""",True,,1879969,4570.000000000644,Second Floor
235,Door,M_Single-Flush:0915 x 2134mm:0915 x 2134mm:404048,28eYYwGUP7OhCGGbKLu8WE,914.9999999999999,2134.0,M_Single-Flush:0915 x 2134mm,True,,1883286,0.0,First Floor
236,Door,M_Single-Flush:0915 x 2134mm:0915 x 2134mm:404074,28eYYwGUP7OhCGGbKLu8Wq,914.9999999999999,2134.0,M_Single-Flush:0915 x 2134mm,True,,1884212,0.0,First Floor
237,Door,M_Single-Flush:0915 x 2134mm:0915 x 2134mm:404091,28eYYwGUP7OhCGGbKLu8Wb,914.9999999999999,2134.0,M_Single-Flush:0915 x 2134mm,True,,1884850,0.0,First Floor
238,Door,Curtain Wall Sgl Glass:Curtain Wall Sgl Glass:Curtain Wall Sgl Glass:404984,28eYYwGUP7OhCGGbKLu8_c,803.7500000000059,1753.000000000001,Curtain Wall Sgl Glass:Curtain Wall Sgl Glass,True,,1891655,4570.000000000644,Second Floor
239,Door,Curtain Wall Sgl Glass:Curtain Wall Sgl Glass:Curtain Wall Sgl Glass:404984,2wK6JSUHLE$vk2DNsRP_P9,803.7500000000059,1753.000000000001,Curtain Wall Sgl Glass:Curtain Wall Sgl Glass,True,,1893022,4570.000000000644,Second Floor
240,Door,Curtain Wall Sgl Glass:Curtain Wall Sgl Glass:Curtain Wall Sgl Glass:405150,28eYYwGUP7OhCGGbKLu8p0,675.0000000000223,1925.000000000644,Curtain Wall Sgl Glass:Curtain Wall Sgl Glass,True,,1894729,0.0,First Floor
241,Door,Curtain Wall Sgl Glass:Curtain Wall Sgl Glass:Curtain Wall Sgl Glass:405150,0FJZYkxnnCBBi5Ul41DcMw,675.0000000000223,1925.000000000644,Curtain Wall Sgl Glass:Curtain Wall Sgl Glass,True,,1895325,0.0,First Floor
242,Door,M_Single-Flush:0915 x 2134mm:0915 x 2134mm:400284,28eYYwGUP7OhCGGbKLuBd2,914.9999999999999,2134.0,M_Single-Flush:0915 x 2134mm,True,,1752073,0.0,First Floor
243,Door,M_Single-Flush:0915 x 2134mm:0915 x 2134mm:400923,28eYYwGUP7OhCGGbKLuBn5,914.9999999999999,2134.0,M_Single-Flush:0915 x 2134mm,True,,1785952,4570.000000000644,Second Floor
244,Door,M_Single-Flush:0915 x 2134mm:0915 x 2134mm:400924,28eYYwGUP7OhCGGbKLuBn2,914.9999999999999,2134.0,M_Single-Flush:0915 x 2134mm,True,,1785984,4570.000000000644,Second Floor
245,Door,M_Single-Flush:0915 x 2134mm:0915 x 2134mm:400925,28eYYwGUP7OhCGGbKLuBn3,914.9999999999999,2134.0,M_Single-Flush:0915 x 2134mm,True,,1786016,4570.000000000644,Second Floor
246,Door,Single_Door_Swing:Single_Door_Swing:Single_Door_Swing:400995,28eYYwGUP7OhCGGbKLuBmz,999.999999999998,1999.999999999981,Single_Door_Swing:Single_Door_Swing,True,,1789272,4570.000000000644,Second Floor
