,Object,Name,Global Id,Width,Height,Reference,IsExternal,FireRating,id,Elevation,Floor
0,Door,M_Single-Flush:0915 x 2134mm:0915 x 2134mm:400186,28eYYwGUP7OhCGGbKLuBba,915,2134,M_Single-Flush:0915 x 2134mm,TRUE,,1747383,0,First Floor
1,Door,M_Single-Flush:0915 x 2134mm:0915 x 2134mm:400187,28eYYwGUP7OhCGGbKLuBbb,915,2134,M_Single-Flush:0915 x 2134mm,TRUE,,1747511,0,First Floor
2,Door,M_Single-Flush:0915 x 2134mm:0915 x 2134mm:400188,28eYYwGUP7OhCGGbKLuBbY,915,2134,M_Single-Flush:0915 x 2134mm,TRUE,,1747556,0,First Floor
3,Door,M_Single-Flush:0915 x 2134mm:0915 x 2134mm:400189,28eYYwGUP7OhCGGbKLuBbZ,915,2134,M_Single-Flush:0915 x 2134mm,TRUE,,1747601,0,First Floor
4,Door,M_Single-Flush:0915 x 2134mm:0915 x 2134mm:400190,28eYYwGUP7OhCGGbKLuBbW,915,2134,M_Single-Flush:0915 x 2134mm,TRUE,,1747709,0,First Floor
5,Door,M_Single-Flush:0915 x 2134mm:0915 x 2134mm:400191,28eYYwGUP7OhCGGbKLuBbX,915,2134,M_Single-Flush:0915 x 2134mm,TRUE,,1747754,0,First Floor
6,Door,M_Single-Flush:0915 x 2134mm:0915 x 2134mm:400192,28eYYwGUP7OhCGGbKLuBaU,915,2134,M_Single-Flush:0915 x 2134mm,TRUE,,1747799,0,First Floor
7,Door,M_Single-Flush:0915 x 2134mm:0915 x 2134mm:400193,28eYYwGUP7OhCGGbKLuBaV,915,2134,M_Single-Flush:0915 x 2134mm,TRUE,,1747844,0,First Floor
8,Door,M_Single-Flush:0915 x 2134mm:0915 x 2134mm:400194,28eYYwGUP7OhCGGbKLuBaS,915,2134,M_Single-Flush:0915 x 2134mm,TRUE,,1747952,0,First Floor
9,Door,M_Single-Flush:0915 x 2134mm:0915 x 2134mm:400195,28eYYwGUP7OhCGGbKLuBaT,915,2134,M_Single-Flush:0915 x 2134mm,TRUE,,1747997,0,First Floor
10,Door,M_Single-Flush:0915 x 2134mm:0915 x 2134mm:400196,28eYYwGUP7OhCGGbKLuBaQ,915,2134,M_Single-Flush:0915 x 2134mm,TRUE,,1748042,0,First Floor
11,Door,M_Single-Flush:0915 x 2134mm:0915 x 2134mm:400197,28eYYwGUP7OhCGGbKLuBaR,915,2134,M_Single-Flush:0915 x 2134mm,TRUE,,1748087,0,First Floor
12,Door,M_Single-Flush:0915 x 2134mm:0915 x 2134mm:400198,28eYYwGUP7OhCGGbKLuBaO,915,2134,M_Single-Flush:0915 x 2134mm,TRUE,,1748132,0,Second Floor
