,Object,Name,stair_id,IsExternal,NumberOfRiser,NumberOfTreads,RiserHeight,TreadLength,Floor
0,Stair,Лестница:Massiv - Stufen Naturstein:576198,752147,False,21.0,21.0,176.468012529597,282.063974940805,Level 1
1,Stair,Лестница:Massiv - Stufen Naturstein:576328,754138,False,21.0,21.0,176.468012529597,282.063974940805,Level 1
2,Stair,Лестница:Massiv - Stufen Naturstein:576464,756922,False,21.0,21.0,176.468012529597,282.063974940805,Level 1
3,Stair,Лестница:Massiv - Stufen Naturstein:576548,759684,False,21.0,21.0,176.468012529597,282.063974940805,Level 1
4,Stair,Лестница:Massiv - Stufen Naturstein:576632,762446,False,21.0,21.0,169.32515538674,296.349689226519,Level 1
5,Stair,Лестница:Massiv - Stufen Naturstein:576926,776420,False,20.0,20.0,175.0,285.0,Level 2
6,Stair,Лестница:Massiv - Stufen Naturstein:577000,778362,False,20.0,20.0,175.0,285.0,Level 2
7,Stair,Лестница:Massiv - Stufen Naturstein:579611,830222,False,18.0,18.0,194.444444444444,246.111111111111,Level 2
