,Object,Name,beam_id,LoadBearing,IsExternal,Floor
0,beam,矩形混凝土梁:B1000-H800:497306,9406,True,False,4.400
1,beam,矩形混凝土梁:B1000-H800:497320,9455,True,False,4.400
2,beam,矩形混凝土梁:B1000-H800:497335,9490,True,False,4.400
3,beam,矩形混凝土梁:B1000-H800:497380,9525,True,False,4.400
4,beam,矩形混凝土梁:B600-H600:641555,10414,True,False,4.500
5,beam,矩形混凝土梁:B1000-H800:654816,11256,True,False,4.400
6,beam,矩形混凝土梁:B600-H600:655640,11313,True,False,4.500
7,beam,矩形混凝土梁:B600-H600:655765,11370,True,False,4.500
8,beam,矩形混凝土梁:B600-H600:655779,11427,True,False,4.500
9,beam,矩形混凝土梁:B600-H600:655793,11484,True,False,4.500
