,Object,Name,Width,Height,window_id,space0_id,IsExternal,Floor
0,Window,AW 1 Aluminum-Grooved (NZ):1000 x 800:7863,1000.0,799.999999999998,13260,64682,True,Level 2
1,Window,AW 1 Aluminum-Grooved (NZ):1000 x 800:7905,999.999999999999,799.999999999998,13358,64683,True,Level 2
2,Window,AW 1 Aluminum-Grooved (NZ):1000 x 800:7947,999.999999999999,799.999999999998,15200,64689,True,Level 2
3,Window,AW 1 Aluminum-Grooved (NZ):1000 x 800:7969,999.999999999999,799.999999999998,15278,64685,True,Level 2
4,Window,AW 1 Aluminum-Grooved (NZ):800 x 1200:8003,799.999999999998,1200.0,17120,64669,True,Level 1
5,Window,AW 1 Aluminum-Grooved (NZ):1000 x 800:10149,999.999999999999,799.999999999998,35411,64686,True,Level 2
6,Window,AW 1 Aluminum-Grooved (NZ):1000 x 800:10189,999.999999999999,799.999999999998,35487,64687,True,Level 2
7,Window,AW 1 Aluminum-Grooved (NZ):1000 x 800:10302,1000.0,799.999999999998,35563,64690,True,Level 2
8,Window,AW 1 Aluminum-Grooved (NZ):800 x 1200:10352,799.999999999998,1200.0,35639,64716,True,Level 1
9,Window,AW 1 Aluminum-Grooved (NZ):1000 x 600:10373,1000.0,600.0,37479,64721,True,Level 1
10,Window,AW 1 Aluminum-Grooved (NZ):1000 x 600:10392,1000.0,600.0,37577,64665,True,Level 1
11,Window,AW 1 Aluminum-Grooved (NZ):1000 x 800:16517,1000.0,799.999999999998,55715,64739,True,Level 3
12,Window,AW 1 Aluminum-Grooved (NZ):1000 x 800:16556,999.999999999999,799.999999999998,55791,64740,True,Level 3
13,Window,AW 1 Aluminum-Grooved (NZ):1000 x 800:16575,999.999999999999,799.999999999998,55867,64741,True,Level 3
14,Window,AW 1 Aluminum-Grooved (NZ):1000 x 800:16631,999.999999999999,799.999999999998,55945,64731,True,Level 3
15,Window,AW 1 Aluminum-Grooved (NZ):1000 x 800:16652,999.999999999999,799.999999999998,56021,64732,True,Level 3
16,Window,AW 1 Aluminum-Grooved (NZ):1000 x 800:16674,999.999999999999,799.999999999998,56099,64734,True,Level 3
17,Window,AW 1 Aluminum-Grooved (NZ):1000 x 800:16703,999.999999999999,799.999999999998,56175,64735,True,Level 3
18,Window,AW 1 Aluminum-Grooved (NZ):1000 x 800:16719,999.999999999999,799.999999999998,56251,64736,True,Level 3
19,Window,AW 1 Aluminum-Grooved (NZ):1000 x 800:16738,1000.0,799.999999999998,56327,64737,True,Level 3
