,Object,Name,Width,Height,door_id,space0_id,IsExternal,Floor,space1_id,FireRating
0,Door,Ext Single Out-Aluminum-Grooved (NZ):860 x 2000:3982,859.999999999999,2000.0,10771,64720,True,Level 1,,
1,Door,Ext Single Out-Aluminum-Grooved (NZ):860 x 2000:8084,860.0,2000.0,25515,64670,True,Level 1,,
2,Door,Int Single-Flush (NZ):860 x 1980:8204,897.999999999996,1999.0,30238,64667,True,Level 1,64718,
3,Door,Int Single-Flush (NZ):860 x 1981 FRR:8977,897.999999999996,1999.0,35066,64680,True,Level 2,64703,60 min
4,Door,Int Single-Flush (NZ):860 x 1981 FRR:9931,897.999999999996,1999.0,35335,64697,True,Level 1,64713,60 min
5,Door,Int Single-Flush (NZ):860 x 1981 FRR:16924,897.999999999997,1999.0,61058,64729,True,Level 3,64747,60 min
6,Door,Int Single-Flush (NZ):860 x 1981 FRR:21157,897.999999999996,1999.0,62561,64677,True,Level 2,64752,60 min
7,Door,Ext Single Out-Aluminum-Grooved (NZ):860 x 2000:22659,859.999999999999,2000.0,63225,64726,True,Level 3,,
