,Object,Name,column_id,IsExternal,LoadBearing,Floor
0,column,WJP_SC_CL_CON_REC:400x700mm:244694,876,False,True,UPPER FOUNDATION
1,column,WJP_SC_CL_CON_REC:500x600mm:313073,11147,False,True,UPPER FOUNDATION
2,column,WJP_SC_CL_CON_REC:400 x 500mm:585552,17820,False,True,AR-00-GF-CL
3,column,WJP_SC_CL_CON_REC:400x700mm:585554,17875,False,True,AR-00-GF-CL
4,column,WJP_SC_CL_CON_REC:500x600mm:585556,17928,False,True,AR-00-GF-CL
5,column,WJP_SC_CL_CON_REC:400 x 500mm:585558,17994,False,True,AR-00-GF-CL
6,column,WJP_SC_CL_CON_REC:400 x 500mm:585568,18047,False,True,AR-01-1st-CL
7,column,WJP_SC_CL_CON_REC:400x700mm:585570,18100,False,True,AR-01-1st-CL
8,column,WJP_SC_CL_CON_REC:500x600mm:585572,18153,False,True,AR-01-1st-CL
9,column,WJP_SC_CL_CON_REC:400 x 500mm:585574,18206,False,True,AR-01-1st-CL
10,column,Walls 2:Walls 1:969437,22517,False,True,AR-00-GF-CL
11,column,Walls 4:Walls 1:1202293,22628,False,True,AR-00-GF-CL
12,column,Walls 3:Walls 1:1203024,22695,False,True,AR-00-GF-CL
13,column,Walls 7:Walls 1:1255434,22762,False,True,AR-00-GF-CL
14,column,Walls 8:Walls 1:1255752,22829,False,True,AR-00-GF-CL
