,Object,Name,column_id,LoadBearing,IsExternal,Floor
0,column,M_Rectangular Column:250 x 250 mm:207140,2755,False,False,Level 0
1,column,M_Rectangular Column:250 x 250 mm:207352,2792,False,False,Level 0
2,column,M_Rectangular Column:250 x 250 mm:207786,2828,False,False,Level 0
3,column,M_Rectangular Column:250 x 250 mm:207933,2864,False,False,Level 0
4,column,M_Rectangular Column:250 x 250 mm:215503,4439,False,False,Level 0
5,column,M_Rectangular Column:250 x 250 mm:217702,4511,False,False,Level 1
6,column,M_Rectangular Column:250 x 250 mm:217703,4549,False,False,Level 1
7,column,M_Rectangular Column:250 x 250 mm:217704,4587,False,False,Level 1
8,column,M_Rectangular Column:250 x 250 mm:217705,4625,False,False,Level 1
9,column,M_Rectangular Column:250 x 250 mm:219426,5474,False,False,Level 2
10,column,M_Rectangular Column:250 x 250 mm:219427,5512,False,False,Level 2
11,column,M_Rectangular Column:250 x 250 mm:219428,5550,False,False,Level 2
12,column,M_Rectangular Column:250 x 250 mm:219429,5588,False,False,Level 2
