﻿Door_id,Width,Height,FireRating,IsExternal,door tyoe
424,900,2400,甲级,FALSE,evaucation door
123,1000,2400,/,FALSE,evaucation door
453453,1000,2400,甲级,FALSE,evaucation door
45345,900,2400,甲级,FALSE,
445353,1000,2400,/,FALSE,
45,900,2400,/,FALSE,
87,1000,2400,/,FALSE,
2137,1000,2400,/,FALSE,Fire Exit
76,1280,2400,/,FALSE,Fire Exit
78687,1280,2400,/,FALSE,Fire Exit
786,1280,2400,/,FALSE,Fire Exit
453,1280,2400,/,FALSE,Fire Exit
687,1280,2400,/,FALSE,Fire Exit
123,1280,2400,/,FALSE,Fire Exit
15,1280,2400,/,FALSE,Fire Exit
6,1500,2400,/,FALSE,Fire Exit
