﻿Door Element ID,Width,Height,FireRating,IsExternal,FireExit,Evacuation
424,900,2400,甲级,FALSE,FALSE,TRUE
123,1000,2400,/,FALSE,FALSE,FALSE
453453,1000,2400,甲级,FALSE,FALSE,TRUE
45345,900,2400,甲级,FALSE,FALSE,TRUE
445353,1000,2400,/,FALSE,FALSE,FALSE
45,900,2400,/,FALSE,FALSE,FALSE
87,1000,2400,/,FALSE,FALSE,FALSE
2137,1000,2400,/,FALSE,FALSE,FALSE
76,1280,2400,/,FALSE,FALSE,FALSE
78687,1280,2400,/,FALSE,FALSE,FALSE
786,1280,2400,/,FALSE,FALSE,FALSE
453,1280,2400,/,FALSE,FALSE,FALSE
687,1280,2400,/,FALSE,FALSE,FALSE
123,1280,2400,/,FALSE,FALSE,FALSE
15,1280,2400,/,FALSE,FALSE,FALSE
6,1500,2400,/,FALSE,TRUE,TRUE
