,Object,Name,Width,Height,window_id,IsExternal,Floor
0,Window,1 Vantail - Droit:0.80m x 1.25m:169896:0.80m x 1.25m:169896 : 1 Vantail - Droit:0.80m x 1.25m:169896:310877,488.275769705456,1710.51042352667,2782,True,Niveau 1
1,Window,PF 1 Vantail - Droite:0.80m x 2.15m 2:187547:0.80m x 2.15m 2:187547 : PF 1 Vantail - Droite:0.80m x 2.15m 2:187547:311071,1300.83519299309,1819.48957647343,12139,True,Niveau 9
2,Window,PF 1 Vantail - Droite:0.80m x 2.15m 2:187615:0.80m x 2.15m 2:187615 : PF 1 Vantail - Droite:0.80m x 2.15m 2:187615:311078,1300.83519299309,1819.48957647343,13982,True,Niveau 9
3,Window,PF 1 Vantail - Droite:0.80m x 2.15m 2:187712:0.80m x 2.15m 2:187712 : PF 1 Vantail - Droite:0.80m x 2.15m 2:187712:311085,1300.8351929931,1819.48957647343,15824,True,Niveau 9
4,Window,Fenêtre triangulaire:800 x 700 mm:189011:800 x 700 mm:189011 : Fenêtre triangulaire:800 x 700 mm:189011:311092,2417.87902291961,605.901699437563,16262,True,Niveau 12
5,Window,PF 2 Vantaux - Droits:1.20m x 2.15m 2:167331:1.20m x 2.15m 2:167331 : PF 2 Vantaux - Droits:1.20m x 2.15m 2:167331:311215,1799.84787273189,1619.48957647343,18618,True,Niveau 9
6,Window,1 Vantail - Droit:0.80m x 1.25m:170037:0.80m x 1.25m:170037 : 1 Vantail - Droit:0.80m x 1.25m:170037:311222,288.549862754528,1689.48957647353,20423,True,Niveau 9
7,Window,1 Vantail - Droit:0.80m x 1.25m:170083:0.80m x 1.25m:170083 : 1 Vantail - Droit:0.80m x 1.25m:170083:311229,301.884843922129,1689.48957647353,22227,True,Niveau 9
8,Window,1 Vantail - Droit:0.80m x 1.25m:170134:0.80m x 1.25m:170134 : 1 Vantail - Droit:0.80m x 1.25m:170134:311236,301.884843922133,1689.48957647353,24031,True,Niveau 9
9,Window,1 Vantail - Droit:0.80m x 1.25m:190074:0.80m x 1.25m:190074 : 1 Vantail - Droit:0.80m x 1.25m:190074:311243,275.126986503499,1689.48957647353,25835,True,Niveau 9
10,Window,1 Vantail - Droit:0.80m x 1.25m:190092:0.80m x 1.25m:190092 : 1 Vantail - Droit:0.80m x 1.25m:190092:311250,901.295468921049,1689.48957647353,27639,True,Niveau 9
11,Window,1 Vantail - Droit:0.80m x 1.25m:190193:0.80m x 1.25m:190193 : 1 Vantail - Droit:0.80m x 1.25m:190193:311257,901.295468921049,1689.48957647353,29443,True,Niveau 9
12,Window,baywindow:baywindow:314360,2400.21105818244,2000.0,36791,True,Niveau 1
13,Window,0610 x 1830mm 19118:0610 x 1830mm 19118:314432,636.416660156142,1830.0,36960,True,Niveau 9
14,Window,0406 x 0610mm:0406 x 0610mm:314486,609.999999999999,405.999999999991,37295,True,Niveau 12
15,Window,0406 x 0610mm:0406 x 0610mm:314487,405.999999999991,609.999999999999,37430,True,Niveau 9
