,Object,Name,Width,Height,window_id,IsExternal,Floor
0,Window,M_窗-圓形開口:0900mm 直徑:557609,89.9999999999999,90.0,30719,True,主殿
1,Window,三川門 窗:三川門 窗:907551,50.0000000000001,124.0,311170,True,主殿
2,Window,三川門 窗:三川門 窗:907723,50.0000000000001,124.0,311190,True,主殿
3,Window,M_窗-圓形開口:0900mm 直徑:908360,89.9999999999999,90.0,312031,True,主殿
4,Window,三川門 窗:三川門 窗:908384,50.0,124.0,312792,True,主殿
5,Window,三川門 窗:三川門 窗:908385,50.0,124.0,312811,True,主殿
