,Object,Name,column_id,Length,CrossSectionArea,OuterSurfaceArea,GrossVolume,LoadBearing,IsExternal,Floor
0,column,5dki STB-Stützen rechteckig:5dki Stütze recht. 35x35cm C30/37:2795583,2496,3.05,0.1225,4.515,0.373625,True,False,"01_UG_OKRD_-3,30_Musterbüro"
1,column,5dki STB-Stützen rechteckig:5dki Stütze recht. 35x35cm C30/37:2795735,2601,3.05,0.1225,4.515,0.373625,True,False,"01_UG_OKRD_-3,30_Musterbüro"
2,column,5dki STB-Stützen rechteckig:5dki Stütze recht. 35x35cm C30/37:2797025,4231,3.05,0.1225,4.515,0.373625,True,False,"00_EG_OKFB_0,00"
3,column,5dki STB-Stützen rechteckig:5dki Stütze recht. 35x35cm C30/37:2797027,4300,3.05,0.1225,4.515,0.373625,True,False,"00_EG_OKFB_0,00"
