,Object,Name,Width,Height,door_id,IsExternal,Floor
0,Door,"5dsf-TU-TW-1flg:5dsf-1,10 x 2,01-Glas-Typ-01:2794880",1.1,2.01,1925,False,"01_UG_OKRD_-3,30_Musterbüro"
1,Door,"5dsf-TU-TW-1flg:5dsf-1,10 x 2,01-Glas-Typ-01:2794962",1.1,2.01,2054,False,"01_UG_OKRD_-3,30_Musterbüro"
2,Door,"5dsf-TU-TW-1flg:5dsf-1,10 x 2,01-Glas-Typ-01:2795010",1.1,2.01,2170,False,"01_UG_OKRD_-3,30_Musterbüro"
3,Door,"5dsf-TU-TW-1flg:5dsf-1,10 x 2,01-Glas-Typ-01:2795117",1.1,2.01,2243,False,"01_UG_OKRD_-3,30_Musterbüro"
4,Door,"5dsf-TU-TW-1flg:5dsf-1,10 x 2,01-Glas-Typ-01:2795374",1.1,2.01,2315,False,"01_UG_OKRD_-3,30_Musterbüro"
5,Door,"5dsf-TU-ALU-1flg-ST-XXX x XXX:5dsf-1,76x2,26-Typ-01-1-flg-ST_Abmessungstyp-01:2796689",1.76000000000001,2.35999999999804,2762,False,"01_UG_OKRD_-3,30_Musterbüro"
6,Door,"5dsf-TU-TW-1flg:5dsf-1,10 x 2,01-Glas-Typ-01:2797019",1.1,2.01,3775,False,"00_EG_OKFB_0,00"
7,Door,"5dsf-TU-TW-1flg:5dsf-1,10 x 2,01-Glas-Typ-01:2797020",1.1,2.01,3848,False,"00_EG_OKFB_0,00"
8,Door,"5dsf-TU-TW-1flg:5dsf-1,10 x 2,01-Glas-Typ-01:2797021",1.1,2.01,3920,False,"00_EG_OKFB_0,00"
9,Door,"5dsf-TU-TW-1flg:5dsf-1,10 x 2,01-Glas-Typ-01:2797022",1.1,2.01,3992,False,"00_EG_OKFB_0,00"
10,Door,"5dsf-TU-TW-1flg:5dsf-1,10 x 2,01-Glas-Typ-01:2797023",1.1,2.01,4064,False,"00_EG_OKFB_0,00"
