,Object,Name,stair_id,NumberOfRiser,NumberOfTreads,RiserHeight,TreadLength,IsExternal,FireExit,Floor
0,Stair,Stair -1.02,17538,21.0,20.0,180.952381,280.0,True,True,Basement
1,Stair,Stair -1.01,19910,21.0,21.0,180.952381,280.0,False,True,Basement
2,Stair,Stair 0.01,51892,21.0,21.0,185.238095,280.0,False,True,Ground
3,Stair,Stair 0.02,63141,21.0,20.0,184.761905,280.0,True,True,Ground
4,Stair,Stair 1.02,119423,21.0,20.0,180.952381,280.0,True,True,1st
5,Stair,Stair 1.01,126263,21.0,21.0,180.952381,280.0,False,True,1st
6,Stair,Stair 2.02,185448,21.0,20.0,180.952381,280.0,True,True,2nd
7,Stair,Stair 2.01,187856,21.0,21.0,180.952381,280.0,False,True,2nd
8,Stair,Stair 3.01,243120,21.0,21.0,176.666667,280.0,False,True,3rd
9,Stair,Stair 3.02,252041,21.0,20.0,180.952381,280.0,True,True,3rd
