,Object,Name,column_id,LoadBearing,Floor
0,column,uitzettingsprofiel,1112,True,Undefined
1,column,uitzettingsprofiel,1368,True,Undefined
2,column,uitzettingsprofiel,1381,True,Undefined
3,column,uitzettingsprofiel,1388,True,Undefined
4,column,uitzettingsprofiel,1395,True,Undefined
5,column,uitzettingsprofiel,1533,True,Undefined
6,column,uitzettingsprofiel,1903,True,Undefined
7,column,uitzettingsprofiel,1914,True,Undefined
8,column,uitzettingsprofiel,1921,True,Undefined
9,column,uitzettingsprofiel,1928,True,Undefined
10,column,uitzettingsprofiel,1935,True,Undefined
11,column,uitzettingsprofiel,1942,True,Undefined
12,column,uitzettingsprofiel,1949,True,Undefined
13,column,uitzettingsprofiel,1956,True,Undefined
14,column,uitzettingsprofiel,1963,True,Undefined
15,column,uitzettingsprofiel,1970,True,Undefined
16,column,uitzettingsprofiel,1977,True,Undefined
17,column,uitzettingsprofiel,1984,True,Undefined
18,column,uitzettingsprofiel,1991,True,Undefined
